<?xml version='1.0'?>
<home version='6000' exportFlags='17' name='BasicPlan1_Twostoreys_bw.sh3d' camera='topCamera' selectedLevel='level2' wallHeight='243.84'>
  <environment groundColor='00A8A8A8' skyColor='00CCE4FC' lightColor='00A3A3A3'/>
  <observerCamera attribute='observerCamera' lens='PINHOLE' x='1725.7662' y='2360.2053' z='1029.6775' yaw='39.945557' pitch='0.24420357' fieldOfView='1.0995575' time='1543838400000' fixedSize='true'/>
  <camera attribute='topCamera' lens='PINHOLE' x='6028.2476' y='6444.0723' z='3783.139' yaw='-85.64744' pitch='0.41000038' fieldOfView='1.0995575' time='1543838400000'/>
  <level id='level0' name='Ground Floor' elevation='0.0' floorThickness='12.0' height='243.84' elevationIndex='0'/>
  <level id='level1' name='First Storey' elevation='461.645' floorThickness='12.0' height='243.84' elevationIndex='0'/>
  <level id='level2' name='Level 2' elevation='912.81244' floorThickness='12.0' height='243.84' elevationIndex='0'/>
  <doorOrWindow level='level0' catalogId='eTeks#doorFrame' name='Door frame' creator='eTeks' model='1' x='1904.9485' y='1896.1165' width='125.729996' widthInPlan='125.73001' depth='9.678149' height='208.28' modelSize='1281' movable='false' cutOutShape='M0,0 v1 h1 v-1 z' wallCutOutOnBothSides='true'/>
  <doorOrWindow level='level0' catalogId='eTeks#doorFrame' name='Door frame' creator='eTeks' model='1' x='2305.155' y='2078.2378' width='88.9' widthInPlan='88.899994' depth='9.678149' height='208.28' modelSize='1281' movable='false' cutOutShape='M0,0 v1 h1 v-1 z' wallCutOutOnBothSides='true'/>
  <pieceOfFurniture level='level0' catalogId='LucaPresidente#mensolaAzzurra' name='Blue shelf' creator='LucaPresidente' model='4/mensolaAzzurra.obj' x='2356.7278' y='1985.1833' elevation='241.3' width='162.56' depth='144.78' height='5.08' color='FFA2956E' modelRotation='0 0 1 0 1 0 -1 0 0' modelSize='1323'/>
  <doorOrWindow level='level0' catalogId='eTeks#serviceHatch' name='Service hatch' creator='eTeks' model='6' x='1524.2076' y='1040.4573' angle='3.1415927' width='208.28' widthInPlan='208.28008' depth='30.48' depthInPlan='30.479996' height='220.98' heightInPlan='220.98003' color='FFDDDDDD' modelSize='2316' movable='false' cutOutShape='M0,0 v1 h1 v-1 z'/>
  <doorOrWindow level='level0' catalogId='eTeks#serviceHatch' name='Service hatch' creator='eTeks' model='6' x='1096.6001' y='1036.6467' width='177.8' widthInPlan='177.80003' depth='38.10075' height='220.98' color='FFDDDDDD' modelSize='2316' movable='false' cutOutShape='M0,0 v1 h1 v-1 z'/>
  <doorOrWindow level='level0' catalogId='eTeks#serviceHatch' name='Service hatch' creator='eTeks' model='6' x='672.73596' y='1036.6467' angle='3.1415927' width='132.08' depth='38.10075' height='220.98' color='FFDDDDDD' modelSize='2316' movable='false' cutOutShape='M0,0 v1 h1 v-1 z'/>
  <doorOrWindow level='level0' catalogId='eTeks#serviceHatch' name='Service hatch' creator='eTeks' model='6' x='300.26456' y='1036.6467' width='114.299995' widthInPlan='114.3' depth='38.10075' height='220.98' color='FFDDDDDD' modelSize='2316' movable='false' cutOutShape='M0,0 v1 h1 v-1 z'/>
  <doorOrWindow level='level0' catalogId='eTeks#serviceHatch' name='Service hatch' creator='eTeks' model='6' x='675.36115' y='681.33545' width='132.08' depth='38.10075' height='220.98' color='FFDDDDDD' modelSize='2316' movable='false' cutOutShape='M0,0 v1 h1 v-1 z'/>
  <doorOrWindow level='level0' catalogId='eTeks#serviceHatch' name='Service hatch' creator='eTeks' model='6' x='288.18805' y='681.33545' width='114.299995' depth='38.10075' height='220.98' color='FFDDDDDD' modelSize='2316' movable='false' cutOutShape='M0,0 v1 h1 v-1 z'/>
  <doorOrWindow level='level0' catalogId='eTeks#serviceHatch' name='Service hatch' creator='eTeks' model='6' x='1776.4326' y='1287.9932' angle='1.5707964' width='208.28' depth='38.10075' height='220.98' color='FFDDDDDD' modelSize='2316' movable='false' cutOutShape='M0,0 v1 h1 v-1 z'/>
  <doorOrWindow level='level0' catalogId='eTeks#serviceHatch' name='Service hatch' creator='eTeks' model='6' x='1776.4326' y='1754.4685' angle='4.712389' width='152.4' widthInPlan='152.40002' depth='38.10075' height='220.98' color='FFDDDDDD' modelSize='2316' movable='false' cutOutShape='M0,0 v1 h1 v-1 z'/>
  <doorOrWindow level='level0' catalogId='eTeks#serviceHatch' name='Service hatch' creator='eTeks' model='6' x='1776.4326' y='1980.7649' angle='4.712389' width='119.38' depth='38.10075' height='220.98' color='FFDDDDDD' modelSize='2316' movable='false' cutOutShape='M0,0 v1 h1 v-1 z'/>
  <doorOrWindow level='level0' catalogId='eTeks#serviceHatch' name='Service hatch' creator='eTeks' model='6' x='1776.4326' y='2170.1797' angle='1.5707964' width='129.54' depth='38.10075' height='220.98' color='FFDDDDDD' modelSize='2316' movable='false' cutOutShape='M0,0 v1 h1 v-1 z'/>
  <doorOrWindow level='level0' catalogId='eTeks#serviceHatch' name='Service hatch' creator='eTeks' model='6' x='2461.4329' y='2168.0957' angle='1.5707964' width='129.54' depth='38.10075' height='220.98' color='FFDDDDDD' modelSize='2316' movable='false' cutOutShape='M0,0 v1 h1 v-1 z'/>
  <doorOrWindow level='level0' catalogId='eTeks#serviceHatch' name='Service hatch' creator='eTeks' model='6' x='2251.4126' y='1762.0349' angle='4.712389' width='116.84' widthInPlan='116.840004' depth='38.10075' height='220.98' color='FFDDDDDD' modelSize='2316' movable='false' cutOutShape='M0,0 v1 h1 v-1 z'/>
  <doorOrWindow level='level0' catalogId='eTeks#serviceHatch' name='Service hatch' creator='eTeks' model='6' x='489.72385' y='1548.5967' angle='4.712389' width='152.4' depth='38.10075' height='220.98' color='FFDDDDDD' modelSize='2316' movable='false' cutOutShape='M0,0 v1 h1 v-1 z'/>
  <pieceOfFurniture level='level0' name='Threshold' model='8/Cube%20N230215.3DS' x='1776.595' y='1748.259' angle='4.712389' width='166.37' depth='36.829998' height='32.385' color='FFA8A8A8' modelSize='10481354'/>
  <pieceOfFurniture level='level0' name='Threshold' model='8/Cube%20N230215.3DS' x='1777.1133' y='2172.1274' angle='4.712389' width='133.34999' depth='39.37' height='32.385' color='FFA8A8A8' modelSize='10481354'/>
  <pieceOfFurniture level='level0' name='Threshold' model='8/Cube%20N230215.3DS' x='1775.8015' y='1278.7981' angle='4.712389' width='223.51999' widthInPlan='223.52003' depth='36.829998' height='32.385' color='FFA8A8A8' modelSize='10481354'/>
  <doorOrWindow level='level1' catalogId='eTeks#serviceHatch' name='Service hatch' creator='eTeks' model='6' x='1534.0416' y='1036.6467' width='208.28' depth='38.10075' height='220.98' color='FFDDDDDD' modelSize='2316' movable='false' cutOutShape='M0,0 v1 h1 v-1 z'/>
  <doorOrWindow level='level1' catalogId='eTeks#serviceHatch' name='Service hatch' creator='eTeks' model='6' x='1096.6001' y='1036.6467' width='177.8' widthInPlan='177.80003' depth='38.10075' height='220.98' color='FFDDDDDD' modelSize='2316' movable='false' cutOutShape='M0,0 v1 h1 v-1 z'/>
  <doorOrWindow level='level1' catalogId='eTeks#serviceHatch' name='Service hatch' creator='eTeks' model='6' x='672.73596' y='1036.6467' angle='3.1415927' width='132.08' depth='38.10075' height='220.98' color='FFDDDDDD' modelSize='2316' movable='false' cutOutShape='M0,0 v1 h1 v-1 z'/>
  <doorOrWindow level='level1' catalogId='eTeks#serviceHatch' name='Service hatch' creator='eTeks' model='6' x='300.26456' y='1036.6467' width='114.299995' widthInPlan='114.3' depth='38.10075' height='220.98' color='FFDDDDDD' modelSize='2316' movable='false' cutOutShape='M0,0 v1 h1 v-1 z'/>
  <doorOrWindow level='level1' catalogId='eTeks#serviceHatch' name='Service hatch' creator='eTeks' model='6' x='675.36115' y='681.33545' width='132.08' depth='38.10075' height='220.98' color='FFDDDDDD' modelSize='2316' movable='false' cutOutShape='M0,0 v1 h1 v-1 z'/>
  <doorOrWindow level='level1' catalogId='eTeks#serviceHatch' name='Service hatch' creator='eTeks' model='6' x='288.18805' y='681.33545' width='114.299995' depth='38.10075' height='220.98' color='FFDDDDDD' modelSize='2316' movable='false' cutOutShape='M0,0 v1 h1 v-1 z'/>
  <doorOrWindow level='level1' catalogId='eTeks#serviceHatch' name='Service hatch' creator='eTeks' model='6' x='1776.4326' y='1287.9932' angle='1.5707964' width='208.28' depth='38.10075' height='220.98' color='FFA8A8A8' modelSize='2316' movable='false' cutOutShape='M0,0 v1 h1 v-1 z'/>
  <doorOrWindow level='level1' catalogId='eTeks#serviceHatch' name='Service hatch' creator='eTeks' model='6' x='1776.4326' y='1754.4688' angle='4.712389' width='152.4' widthInPlan='152.40002' depth='38.10075' height='220.98' color='FFDDDDDD' modelSize='2316' movable='false' cutOutShape='M0,0 v1 h1 v-1 z'/>
  <doorOrWindow level='level1' catalogId='eTeks#serviceHatch' name='Service hatch' creator='eTeks' model='6' x='1776.4326' y='2170.18' angle='1.5707964' width='129.54' depth='38.10075' height='220.98' color='FFDDDDDD' modelSize='2316' movable='false' cutOutShape='M0,0 v1 h1 v-1 z'/>
  <doorOrWindow level='level1' catalogId='eTeks#serviceHatch' name='Service hatch' creator='eTeks' model='6' x='489.72385' y='1548.5968' angle='4.712389' width='152.4' depth='38.10075' height='220.98' color='FFDDDDDD' modelSize='2316' movable='false' cutOutShape='M0,0 v1 h1 v-1 z'/>
  <pieceOfFurniture level='level1' name='Simple Steps' model='10/Stairs%20N160808.3DS' x='631.71094' y='1660.072' elevation='187.95999' angle='5.497787' width='0.3175' widthInPlan='0.3175001' depth='0.3175' depthInPlan='0.31750008' height='101.917496' modelSize='34711'/>
  <pieceOfFurniture level='level1' name='Simple Steps' model='10/Stairs%20N160808.3DS' x='1363.9717' y='3649.0295' elevation='187.95999' angle='5.497787' width='0.3175' widthInPlan='0.3175001' depth='0.3175' depthInPlan='0.31750008' height='101.917496' modelSize='34711'/>
  <pieceOfFurniture level='level1' name='Simple Steps' model='10/Stairs%20N160808.3DS' x='-1275.7192' y='1531.2078' elevation='187.95999' angle='5.497787' width='0.3175' widthInPlan='0.3175001' depth='0.3175' depthInPlan='0.31750005' height='101.917496' modelSize='34711'/>
  <pieceOfFurniture level='level1' name='Simple Steps' model='10/Stairs%20N160808.3DS' x='654.22595' y='-773.8435' elevation='187.95999' angle='5.497787' width='0.3175' widthInPlan='0.31750017' depth='0.3175' depthInPlan='0.3175001' height='101.917496' modelSize='34711'/>
  <pieceOfFurniture level='level0' name='Threshold' model='8/Cube%20N230215.3DS' x='1775.666' y='1983.7' angle='1.5707964' width='128.27' widthInPlan='128.27003' depth='34.29' height='32.385' color='FFA8A8A8' modelSize='10481354'/>
  <pieceOfFurniture level='level0' name='Simple Steps' model='10/Stairs%20N160808.3DS' x='2162.5796' y='1986.3713' elevation='104.14' angle='0.7853982' width='193.04' widthInPlan='193.03995' depth='187.95999' depthInPlan='187.96002' height='109.22' heightInPlan='109.220055' modelSize='34711'/>
  <pieceOfFurniture level='level0' name='Simple Steps' model='10/Stairs%20N160808.3DS' x='2252.375' y='1989.2502' elevation='142.23999' angle='0.7853982' width='193.04' widthInPlan='193.03993' depth='187.95999' depthInPlan='187.96002' height='101.6' heightInPlan='101.600044' modelSize='34711'/>
  <pieceOfFurniture level='level0' name='Simple Steps' model='10/Stairs%20N160808.3DS' x='2357.8625' y='1859.9893' elevation='226.06' angle='5.497787' width='208.28' widthInPlan='208.27989' depth='203.2' height='91.44' heightInPlan='91.44005' modelSize='34711'/>
  <pieceOfFurniture level='level0' name='Simple Steps' model='10/Stairs%20N160808.3DS' x='2358.1091' y='1748.2876' elevation='320.04' angle='5.497787' width='208.28' widthInPlan='208.27989' depth='203.2' height='91.44' heightInPlan='91.44005' modelSize='34711'/>
  <pieceOfFurniture level='level0' name='Simple Steps' model='10/Stairs%20N160808.3DS' x='2049.0745' y='1990.1614' angle='0.7853982' width='193.04' widthInPlan='193.03995' depth='187.95999' depthInPlan='187.96002' height='109.22' heightInPlan='109.220055' modelSize='34711'/>
  <doorOrWindow level='level1' catalogId='eTeks#serviceHatch' name='Service hatch' creator='eTeks' model='6' x='2367.336' y='1586.8403' width='152.4' depth='38.10075' height='220.98' color='FFDDDDDD' modelSize='2316' movable='false' cutOutShape='M0,0 v1 h1 v-1 z'/>
  <pieceOfFurniture level='level0' name='Simple Steps' model='10/Stairs%20N160808.3DS' x='2360.035' y='1665.0112' elevation='363.22' angle='5.497787' width='208.28' widthInPlan='208.27989' depth='203.2' height='91.44' heightInPlan='91.44005' modelSize='34711'/>
  <furnitureGroup level='level0' name='Group -2-' x='1131.9976' y='1681.2804' width='696.94727' depth='668.55786' height='447.03998'>
    <pieceOfFurniture level='level0' name='MyCustomPillar' model='12/Untitled.obj' x='1445.5415' y='1378.2073' elevation='27.940002' width='57.150005' depth='59.531258' height='419.09998' color='FFE6E6E6' modelSize='1459'/>
    <pieceOfFurniture level='level0' name='MyCustomPillar' model='12/Untitled.obj' x='1134.8042' y='1378.7515' elevation='24.130005' width='60.96' depth='63.5' height='419.09998' color='FFE6E6E6' modelSize='1459'/>
    <pieceOfFurniture level='level0' name='MyCustomPillar' model='12/Untitled.obj' x='819.07153' y='1382.9373' elevation='13.970001' width='60.96' depth='63.5' height='419.09998' color='FFE6E6E6' modelSize='1459'/>
    <pieceOfFurniture level='level0' name='MyCustomPillar' model='12/Untitled.obj' x='814.0039' y='1677.6082' elevation='27.940002' width='60.96' depth='63.5' height='419.09998' color='FFE6E6E6' modelSize='1459'/>
    <pieceOfFurniture level='level0' name='MyCustomPillar' model='12/Untitled.obj' x='816.41187' y='1975.8267' elevation='27.940002' width='60.96' depth='63.5' height='419.09998' color='FFE6E6E6' modelSize='1459'/>
    <pieceOfFurniture level='level0' name='MyCustomPillar' model='12/Untitled.obj' x='1149.02' y='1983.8093' elevation='25.399994' width='60.96' depth='63.5' height='419.09998' color='FFE6E6E6' modelSize='1459'/>
    <pieceOfFurniture level='level0' name='MyCustomPillar' model='12/Untitled.obj' x='1447.4985' y='1973.3757' elevation='27.940002' width='60.96' depth='63.5' height='419.09998' color='FFE6E6E6' modelSize='1459'/>
    <pieceOfFurniture level='level0' name='MyCustomPillar' model='12/Untitled.obj' x='1449.9912' y='1652.7285' elevation='24.130005' width='60.96' depth='63.5' height='419.09998' color='FFE6E6E6' modelSize='1459'/>
    <pieceOfFurniture level='level0' name='Threshold' model='8/Cube%20N230215.3DS' x='1448.4752' y='1804.8135' angle='4.712389' width='190.5' widthInPlan='190.49998' depth='48.26' depthInPlan='48.260006' height='32.385' color='FFE6E6E6' modelSize='10481354'/>
    <pieceOfFurniture level='level0' name='Threshold' model='8/Cube%20N230215.3DS' x='1448.8998' y='1654.3186' angle='1.5707964' width='130.81' depth='52.07' depthInPlan='52.070007' height='32.385' color='FFE6E6E6' modelSize='10481354'/>
    <pieceOfFurniture level='level0' name='Threshold' model='8/Cube%20N230215.3DS' x='1447.841' y='1943.2437' angle='1.5707964' width='116.84' widthInPlan='116.83999' depth='48.26' depthInPlan='48.260006' height='32.385' color='FFE6E6E6' modelSize='10481354'/>
    <pieceOfFurniture level='level0' name='Threshold' model='8/Cube%20N230215.3DS' x='1290.8541' y='1981.5005' width='262.88998' depth='49.53' depthInPlan='49.530006' height='32.385' color='FFE6E6E6' modelSize='10481354'/>
    <pieceOfFurniture level='level0' name='Threshold' model='8/Cube%20N230215.3DS' x='999.7197' y='1982.367' width='316.22998' depth='52.07' depthInPlan='52.070004' height='32.385' color='FFE6E6E6' modelSize='10481354'/>
    <pieceOfFurniture level='level0' name='Threshold' model='8/Cube%20N230215.3DS' x='815.40857' y='1857.2966' angle='4.712389' width='297.18' depth='58.42' depthInPlan='58.420006' height='32.385' color='FFE6E6E6' modelSize='10481354'/>
    <pieceOfFurniture level='level0' name='Threshold' model='8/Cube%20N230215.3DS' x='817.88025' y='1531.9983' angle='1.5707964' width='355.6' widthInPlan='355.60004' depth='64.77' depthInPlan='64.77001' height='32.385' color='FFE6E6E6' modelSize='10481354'/>
    <pieceOfFurniture level='level0' name='Threshold' model='8/Cube%20N230215.3DS' x='935.2069' y='1378.9924' angle='3.1415927' width='193.04' widthInPlan='193.04008' depth='43.18' depthInPlan='43.180008' height='32.385' color='FFE6E6E6' modelSize='10481354'/>
    <pieceOfFurniture level='level0' name='Threshold' model='8/Cube%20N230215.3DS' x='1095.3237' y='1377.3223' width='127.0' depth='45.72' depthInPlan='45.72001' height='32.385' color='FFE6E6E6' modelSize='10481354'/>
    <pieceOfFurniture level='level0' name='Threshold' model='8/Cube%20N230215.3DS' x='1203.2737' y='1376.9187' width='88.9' depth='45.72' depthInPlan='45.72001' height='32.385' color='FFE6E6E6' modelSize='10481354'/>
    <pieceOfFurniture level='level0' name='Threshold' model='8/Cube%20N230215.3DS' x='1449.4359' y='1472.219' angle='4.712389' width='233.68' widthInPlan='233.68001' depth='48.26' depthInPlan='48.260006' height='32.385' color='FFE6E6E6' modelSize='10481354'/>
    <pieceOfFurniture level='level0' name='Threshold' model='8/Cube%20N230215.3DS' x='1334.9359' y='1379.3599' width='179.06999' depth='49.53' depthInPlan='49.530006' height='32.385' color='FFE6E6E6' modelSize='10481354'/>
  </furnitureGroup>
  <furnitureGroup level='level1' name='Second floor' x='1128.1685' y='1665.5886' width='696.27637' depth='681.95435' height='360.67996'>
    <pieceOfFurniture level='level1' name='MyCustomPillar' model='12/Untitled.obj' x='813.19995' y='1668.2098' width='60.96' depth='63.5' height='360.67996' color='FFE6E6E6' modelSize='1459'/>
    <pieceOfFurniture level='level1' name='MyCustomPillar' model='12/Untitled.obj' x='810.51025' y='1960.4884' width='60.96' depth='63.5' height='360.67996' color='FFE6E6E6' modelSize='1459'/>
    <pieceOfFurniture level='level1' name='MyCustomPillar' model='12/Untitled.obj' x='1128.3147' y='1974.8158' width='60.96' depth='63.5' height='360.67996' color='FFE6E6E6' modelSize='1459'/>
    <pieceOfFurniture level='level1' name='MyCustomPillar' model='12/Untitled.obj' x='1445.8267' y='1963.3246' width='60.96' depth='63.5' height='360.67996' color='FFE6E6E6' modelSize='1459'/>
    <pieceOfFurniture level='level1' name='MyCustomPillar' model='12/Untitled.obj' x='1440.154' y='1676.8651' width='60.96' depth='63.5' height='360.67996' color='FFE6E6E6' modelSize='1459'/>
    <pieceOfFurniture level='level1' name='MyCustomPillar' model='12/Untitled.obj' x='1445.5996' y='1365.5607' width='60.96' depth='63.5' height='360.67996' color='FFE6E6E6' modelSize='1459'/>
    <pieceOfFurniture level='level1' name='MyCustomPillar' model='12/Untitled.obj' x='1132.8082' y='1356.3615' width='60.96' depth='63.5' height='360.67996' color='FFE6E6E6' modelSize='1459'/>
    <pieceOfFurniture level='level1' name='MyCustomPillar' model='12/Untitled.obj' x='815.28467' y='1371.829' width='60.96' depth='63.5' height='360.67996' color='FFE6E6E6' modelSize='1459'/>
  </furnitureGroup>
  <furnitureGroup level='level0' name='Group -1-' x='1126.3895' y='1678.8167' elevation='30.48' angle='4.712389' width='686.3651' depth='710.05927' height='420.68747'>
    <pieceOfFurniture level='level0' name='Threshold' model='8/Cube%20N230215.3DS' x='811.8837' y='1680.7133' elevation='447.03998' angle='4.712389' width='63.5' widthInPlan='63.499996' depth='67.46875' depthInPlan='67.468765' height='3.96875' heightInPlan='3.9687498' color='FF700031' modelSize='10481354'/>
    <pieceOfFurniture level='level0' name='Threshold' model='8/Cube%20N230215.3DS' x='814.36597' y='1386.615' elevation='447.03998' angle='4.712389' width='63.5' depth='67.6275' height='4.1275' color='FF700031' modelSize='10481354'/>
    <pieceOfFurniture level='level0' name='Threshold' model='8/Cube%20N230215.3DS' x='1133.0673' y='1367.3842' elevation='447.03998' angle='4.712389' width='63.5' depth='67.6275' height='4.1275' color='FF700031' modelSize='10481354'/>
    <pieceOfFurniture level='level0' name='Threshold' model='8/Cube%20N230215.3DS' x='1437.7983' y='1382.8206' elevation='447.03998' angle='4.712389' width='63.5' depth='67.6275' height='4.1275' color='FF700031' modelSize='10481354'/>
    <pieceOfFurniture level='level0' name='Threshold' model='8/Cube%20N230215.3DS' x='1447.6055' y='1658.3992' elevation='447.03998' angle='4.712389' width='63.5' depth='67.6275' height='4.1275' color='FF700031' modelSize='10481354'/>
    <pieceOfFurniture level='level0' name='Threshold' model='8/Cube%20N230215.3DS' x='1438.3838' y='1976.8184' elevation='447.03998' angle='4.712389' width='63.5' depth='67.6275' height='4.1275' color='FF700031' modelSize='10481354'/>
    <pieceOfFurniture level='level0' name='Threshold' model='8/Cube%20N230215.3DS' x='1148.4519' y='1990.2493' elevation='447.03998' angle='4.712389' width='63.5' depth='67.6275' height='4.1275' color='FF700031' modelSize='10481354'/>
    <pieceOfFurniture level='level0' name='Threshold' model='8/Cube%20N230215.3DS' x='805.17365' y='1975.2134' elevation='447.03998' angle='4.712389' width='63.5' depth='67.6275' height='4.1275' color='FF700031' modelSize='10481354'/>
    <pieceOfFurniture level='level0' name='pozo' model='14/pozo.obj' x='817.2807' y='1514.8601' elevation='30.48' width='68.58' depth='63.1825' height='35.8775' modelSize='194477'/>
  </furnitureGroup>
  <pieceOfFurniture level='level2' catalogId='Puybaret#toitureArdoiseRouge' name='Red slate roof' creator='Emmanuel Puybaret' model='16' x='1279.2264' y='347.01105' elevation='2.54' width='2325.3699' widthInPlan='2325.3706' depth='482.2825' depthInPlan='482.28256' height='236.22' heightInPlan='236.22006' color='FFAFAFAF' modelSize='348565'/>
  <pieceOfFurniture level='level2' catalogId='Puybaret#toitureArdoiseRouge' name='Red slate roof' creator='Emmanuel Puybaret' model='16' x='1278.5715' y='816.8082' elevation='2.54' angle='3.1415927' width='2325.0525' widthInPlan='2325.0532' depth='482.2825' depthInPlan='482.28256' height='236.22' heightInPlan='236.22006' color='FFAFAFAF' modelSize='348565'/>
  <pieceOfFurniture level='level2' catalogId='Puybaret#toitureArdoiseRouge' name='Red slate roof' creator='Emmanuel Puybaret' model='16' x='283.56873' y='1706.8801' angle='4.712389' width='1300.48' widthInPlan='1300.4805' depth='406.4' depthInPlan='406.40005' height='153.035' modelMirrored='true' color='FFAFAFAF' modelSize='348565'/>
  <pieceOfFurniture level='level2' catalogId='Puybaret#toitureArdoiseRouge' name='Red slate roof' creator='Emmanuel Puybaret' model='16' x='1972.8' y='1685.2783' angle='4.712389' width='1300.48' widthInPlan='1300.4805' depth='406.4' depthInPlan='406.40005' height='153.035' modelMirrored='true' color='FFAFAFAF' modelSize='348565'/>
  <pieceOfFurniture level='level2' catalogId='Puybaret#toitureArdoiseRouge' name='Red slate roof' creator='Emmanuel Puybaret' model='16' x='2307.7559' y='1693.2299' angle='1.5707964' width='1297.94' widthInPlan='1297.9402' depth='335.28' depthInPlan='335.28003' height='153.035' color='FFAFAFAF' modelSize='348565'/>
  <pieceOfFurniture level='level1' catalogId='Puybaret#toitureArdoiseRouge' name='Red slate roof' creator='Emmanuel Puybaret' model='16' x='1597.2322' y='1720.5059' elevation='365.76' angle='4.712389' width='1211.58' widthInPlan='1211.5802' depth='426.72' depthInPlan='426.72006' height='99.06' heightInPlan='99.06001' color='FFAFAFAF' modelSize='348565'/>
  <pieceOfFurniture level='level1' catalogId='Puybaret#toitureArdoiseRouge' name='Red slate roof' creator='Emmanuel Puybaret' model='16' x='1271.6628' y='1197.5269' elevation='358.13998' angle='3.1415927' width='1028.7' widthInPlan='1028.6997' depth='411.47998' depthInPlan='411.4804' height='144.78' heightInPlan='144.78009' color='FFAFAFAF' modelSize='348565'/>
  <pieceOfFurniture level='level1' catalogId='Puybaret#toitureArdoiseRouge' name='Red slate roof' creator='Emmanuel Puybaret' model='16' x='655.90625' y='1706.482' elevation='472.44' angle='1.5707964' width='1297.94' widthInPlan='1297.9402' depth='335.28' depthInPlan='335.28003' height='129.54' heightInPlan='129.54002' color='FFAFAFAF' modelSize='348565'/>
  <pieceOfFurniture level='level1' catalogId='Puybaret#toitureArdoiseRouge' name='Red slate roof' creator='Emmanuel Puybaret' model='16' x='1208.3423' y='2125.2776' elevation='373.38' width='822.96045' widthInPlan='822.96014' depth='341.2275' depthInPlan='341.22763' height='227.48499' heightInPlan='227.48506' color='FFAFAFAF' modelSize='348565'/>
  <wall id='wall0' level='level0' wallAtStart='wall22' wallAtEnd='wall18' xStart='96.023865' yStart='2339.4624' xEnd='96.023865' yEnd='129.66187' height='452.11996' thickness='38.1' pattern='hatchUp'/>
  <wall id='wall1' level='level0' wallAtStart='wall21' xStart='2461.4329' yStart='131.65454' xEnd='2461.4329' yEnd='2359.2349' height='452.11996' thickness='38.1' pattern='hatchUp'/>
  <wall id='wall2' level='level0' xStart='851.0277' yStart='129.66187' xEnd='1355.6992' yEnd='129.66187' height='452.11996' thickness='38.1' pattern='hatchUp'/>
  <wall id='wall3' level='level0' xStart='2461.4329' yStart='1036.6467' xEnd='2461.4329' yEnd='1547.1865' height='243.84' thickness='7.62' pattern='hatchUp'/>
  <wall id='wall4' level='level0' xStart='458.92188' yStart='129.66187' xEnd='458.92184' yEnd='1036.6467' height='452.11996' thickness='38.1' pattern='hatchUp'/>
  <wall id='wall5' level='level0' xStart='851.0277' yStart='118.800354' xEnd='851.0278' yEnd='1036.6467' height='452.11996' thickness='38.1' pattern='hatchUp'/>
  <wall id='wall6' level='level0' xStart='1355.6992' yStart='118.800354' xEnd='1355.6992' yEnd='1025.5803' height='452.11996' thickness='38.1' pattern='hatchUp'/>
  <wall id='wall7' level='level0' xStart='96.023865' yStart='681.33545' xEnd='851.02783' yEnd='681.33545' height='452.11996' thickness='38.1' pattern='hatchUp'/>
  <wall id='wall8' level='level0' xStart='1776.4326' yStart='1166.6509' xEnd='1776.4326' yEnd='2324.891' height='452.11996' thickness='38.1' pattern='hatchUp'/>
  <wall id='wall9' level='level0' xStart='1776.4326' yStart='1586.8401' xEnd='2461.4329' yEnd='1586.8401' height='452.11996' thickness='38.1' pattern='hatchUp'/>
  <wall id='wall10' level='level0' xStart='1776.4326' yStart='2078.225' xEnd='2461.4329' yEnd='2078.225' height='452.11996' thickness='38.1' pattern='hatchUp'/>
  <wall id='wall11' level='level0' wallAtEnd='wall12' xStart='1776.4326' yStart='1896.1038' xEnd='2251.4126' yEnd='1896.1038' height='452.11996' thickness='38.1' pattern='hatchUp'/>
  <wall id='wall12' level='level0' wallAtStart='wall11' xStart='2251.4126' yStart='1896.1038' xEnd='2251.4126' yEnd='1586.8401' height='452.11996' thickness='38.1' pattern='hatchUp'/>
  <wall id='wall13' level='level0' wallAtEnd='wall14' xStart='96.023865' yStart='1222.075' xEnd='489.72385' yEnd='1222.075' height='452.11996' thickness='38.1' pattern='hatchUp'/>
  <wall id='wall14' level='level0' wallAtStart='wall13' xStart='489.72385' yStart='1222.075' xEnd='489.72385' yEnd='2004.3948' height='452.11996' thickness='38.1' pattern='hatchUp'/>
  <wall id='wall15' level='level0' xStart='489.72385' yStart='1896.1038' xEnd='96.023865' yEnd='1896.1038' height='452.11996' thickness='38.1' pattern='hatchUp'/>
  <wall id='wall16' level='level0' xStart='1776.4326' yStart='1055.2163' xEnd='1776.4326' yEnd='1184.7563' height='452.11996' thickness='38.1' pattern='hatchUp'/>
  <wall id='wall17' level='level0' xStart='2444.3035' yStart='2054.3936' xEnd='2444.3035' yEnd='1923.5837' height='243.84' thickness='7.62' pattern='hatchUp'/>
  <wall id='wall18' level='level0' wallAtStart='wall0' wallAtEnd='wall21' xStart='96.023865' yStart='129.66187' xEnd='851.02783' yEnd='129.66187' height='452.11996' thickness='38.1' pattern='hatchUp'/>
  <wall id='wall19' level='level0' wallAtEnd='wall20' xStart='96.023865' yStart='1036.6467' xEnd='851.02783' yEnd='1036.6467' height='452.11996' thickness='38.1' pattern='hatchUp'/>
  <wall id='wall20' level='level0' wallAtStart='wall19' xStart='851.02783' yStart='1036.6467' xEnd='2461.4329' yEnd='1036.6467' height='452.11996' thickness='38.1' pattern='hatchUp'/>
  <wall id='wall21' level='level0' wallAtStart='wall18' wallAtEnd='wall1' xStart='851.02783' yStart='129.66187' xEnd='2461.4329' yEnd='131.65454' height='452.11996' thickness='38.1' pattern='hatchUp'/>
  <wall id='wall22' level='level0' wallAtStart='wall0' xStart='96.023865' yStart='2339.4624' xEnd='2473.4636' yEnd='2339.4624' height='452.11996' thickness='38.1' pattern='hatchUp'/>
  <wall id='wall23' level='level2' wallAtStart='wall26' xStart='97.74264' yStart='567.5145' xEnd='97.742615' yEnd='1045.5779' height='243.84' heightAtEnd='30.48' thickness='38.1' pattern='foreground'/>
  <wall id='wall24' level='level2' xStart='2461.3787' yStart='109.56038' xEnd='2461.3787' yEnd='576.8624' height='30.48' heightAtEnd='243.84' thickness='38.1' pattern='foreground'/>
  <wall id='wall25' level='level2' xStart='2462.2437' yStart='576.95166' xEnd='2462.2437' yEnd='1055.015' height='243.84' heightAtEnd='30.48' thickness='38.1' pattern='foreground'/>
  <wall id='wall26' level='level2' wallAtEnd='wall23' xStart='96.67169' yStart='109.85091' xEnd='97.74264' yEnd='567.5145' height='30.48' heightAtEnd='243.84' thickness='38.1' pattern='foreground'/>
  <wall id='wall27' level='level2' xStart='2461.5183' yStart='1932.8479' xEnd='2461.5183' yEnd='2338.2976' height='29.5275' heightAtEnd='179.3875' thickness='38.1' pattern='foreground'/>
  <wall id='wall28' level='level2' wallAtEnd='wall29' xStart='490.35144' yStart='1055.2163' xEnd='490.35147' yEnd='1570.9739' height='152.4' thickness='7.62' pattern='foreground'/>
  <wall id='wall29' level='level2' wallAtStart='wall28' xStart='490.35147' yStart='1570.9739' xEnd='490.35147' yEnd='2357.104' height='152.7175' thickness='7.62' pattern='foreground'/>
  <wall id='wall30' level='level2' xStart='490.35147' yStart='1913.8547' xEnd='825.6315' yEnd='1913.8547' height='152.7175' heightAtEnd='2.54' thickness='7.62' pattern='hatchUp'/>
  <wall id='wall31' level='level2' xStart='493.59192' yStart='1060.6855' xEnd='828.87195' yEnd='1060.6855' height='152.7175' heightAtEnd='2.54' thickness='7.62' pattern='hatchUp'/>
  <wall id='wall32' level='level2' xStart='489.4007' yStart='1060.5742' xEnd='114.715454' yEnd='1060.5742' height='152.7175' heightAtEnd='2.54' thickness='7.62' pattern='hatchUp'/>
  <wall id='wall33' level='level2' xStart='487.6134' yStart='1911.8463' xEnd='112.928116' yEnd='1911.8463' height='152.7175' heightAtEnd='2.54' thickness='7.62' pattern='hatchUp'/>
  <wall id='wall34' level='level1' xStart='2461.433' yStart='2238.5308' xEnd='2461.433' yEnd='2324.8909' height='243.84' thickness='38.1' pattern='hatchUp'/>
  <wall id='wall35' level='level1' wallAtEnd='wall56' xStart='83.993164' yStart='129.66187' xEnd='2461.1938' yEnd='129.66187' height='452.11996' thickness='38.1' pattern='hatchUp'/>
  <wall id='wall36' level='level1' xStart='866.7448' yStart='129.66187' xEnd='1326.4849' yEnd='129.66187' height='243.84' thickness='7.62' pattern='hatchUp'/>
  <wall id='wall37' level='level1' xStart='2393.1711' yStart='129.66187' xEnd='1392.4111' yEnd='129.66196' height='243.84' thickness='7.62' pattern='hatchUp'/>
  <wall id='wall38' level='level1' xStart='2461.433' yStart='1036.6467' xEnd='2461.433' yEnd='1547.1868' height='243.84' thickness='7.62' pattern='hatchUp'/>
  <wall id='wall39' level='level1' xStart='458.92188' yStart='129.66187' xEnd='458.92184' yEnd='1036.6467' height='452.11996' thickness='38.1' pattern='hatchUp'/>
  <wall id='wall40' level='level1' xStart='851.02783' yStart='129.66187' xEnd='851.0278' yEnd='1036.6467' height='452.11996' thickness='38.1' pattern='hatchUp'/>
  <wall id='wall41' level='level1' xStart='1361.6775' yStart='129.66187' xEnd='1361.6775' yEnd='1041.5219' height='452.11996' thickness='38.1' pattern='hatchUp'/>
  <wall id='wall42' level='level1' xStart='96.023865' yStart='681.33545' xEnd='851.02783' yEnd='681.33545' height='452.11996' thickness='38.1' pattern='hatchUp'/>
  <wall id='wall43' level='level1' xStart='1776.4326' yStart='1166.6509' xEnd='1776.4326' yEnd='2324.8909' height='452.11996' thickness='38.1' pattern='hatchUp'/>
  <wall id='wall44' level='level1' xStart='1776.4326' yStart='1586.8403' xEnd='2461.433' yEnd='1586.8403' height='452.11996' thickness='38.1' pattern='hatchUp'/>
  <wall id='wall45' level='level1' xStart='1776.4326' yStart='2078.2256' xEnd='2461.433' yEnd='2078.2256' height='452.11996' thickness='38.1' pattern='hatchUp'/>
  <wall id='wall46' level='level1' wallAtEnd='wall47' xStart='1776.4326' yStart='1896.104' xEnd='2251.4126' yEnd='1896.104' height='452.11996' thickness='38.1' pattern='hatchUp'/>
  <wall id='wall47' level='level1' wallAtStart='wall46' xStart='2251.4126' yStart='1896.104' xEnd='2251.4126' yEnd='1586.8403' height='452.11996' thickness='38.1' pattern='hatchUp'/>
  <wall id='wall48' level='level1' wallAtEnd='wall49' xStart='96.023865' yStart='1222.075' xEnd='489.72385' yEnd='1222.075' height='452.11996' thickness='38.1' pattern='hatchUp'/>
  <wall id='wall49' level='level1' wallAtStart='wall48' xStart='489.72385' yStart='1222.075' xEnd='489.72385' yEnd='2004.395' height='2.54' thickness='38.1' pattern='hatchUp'/>
  <wall id='wall50' level='level1' xStart='489.72385' yStart='1896.104' xEnd='96.023865' yEnd='1896.104' height='452.11996' thickness='38.1' pattern='hatchUp'/>
  <wall id='wall51' level='level1' xStart='1776.4326' yStart='1055.2163' xEnd='1776.4326' yEnd='1184.7563' height='452.11996' thickness='38.1' pattern='hatchUp'/>
  <wall id='wall52' level='level1' xStart='2444.3035' yStart='2054.394' xEnd='2444.3035' yEnd='1923.584' height='243.84' thickness='7.62' pattern='hatchUp'/>
  <wall id='wall53' level='level1' xStart='77.28906' yStart='2339.462' xEnd='2480.129' yEnd='2339.462' height='630.8725' thickness='38.1' pattern='hatchUp'/>
  <wall id='wall54' level='level1' xStart='96.023865' yStart='1036.6467' xEnd='2461.433' yEnd='1036.6467' height='452.11996' thickness='38.1' pattern='hatchUp'/>
  <wall id='wall55' level='level1' xStart='96.22384' yStart='2359.4348' xEnd='96.22384' yEnd='110.8999' height='452.11996' thickness='38.1' pattern='hatchUp'/>
  <wall id='wall56' level='level1' wallAtStart='wall35' xStart='2461.1938' yStart='129.66187' xEnd='2461.1938' yEnd='2359.2346' height='452.11996' thickness='38.1' pattern='hatchUp'/>
  <room level='level0' areaVisible='true' floorColor='FFA8A8A8' ceilingColor='FFA8A8A8'>
    <point x='870.0778' y='148.71185'/>
    <point x='1326.4849' y='148.71185'/>
    <point x='1326.4849' y='1017.59674'/>
    <point x='870.07776' y='1017.5966'/>
  </room>
  <room level='level0' areaVisible='true' floorColor='FFA8A8A8' ceilingColor='FFA8A8A8'>
    <point x='483.31464' y='153.24268'/>
    <point x='831.97784' y='148.71185'/>
    <point x='831.97784' y='662.28546'/>
    <point x='477.97183' y='662.2855'/>
  </room>
  <room level='level0' areaVisible='true' floorColor='FFA8A8A8' ceilingColor='FFA8A8A8'>
    <point x='116.89508' y='154.95068'/>
    <point x='439.8719' y='148.71185'/>
    <point x='439.87186' y='662.2855'/>
    <point x='115.07385' y='662.2855'/>
  </room>
  <room level='level0' areaVisible='true' floorColor='FFA8A8A8' ceilingColor='FFA8A8A8'>
    <point x='1387.7585' y='156.26984'/>
    <point x='2442.383' y='156.26984'/>
    <point x='2442.383' y='1017.59674'/>
    <point x='1392.4111' y='1017.59686'/>
  </room>
  <room level='level0' areaVisible='true' floorColor='FFA8A8A8' ceilingColor='FFA8A8A8'>
    <point x='484.65155' y='711.36'/>
    <point x='831.97784' y='711.36'/>
    <point x='831.97784' y='1017.59674'/>
    <point x='484.65155' y='1017.59674'/>
  </room>
  <room level='level0' areaVisible='true' floorColor='FFA8A8A8' ceilingColor='FFA8A8A8'>
    <point x='125.170105' y='703.3655'/>
    <point x='439.87186' y='703.3655'/>
    <point x='439.87186' y='1009.60223'/>
    <point x='125.170105' y='1009.60223'/>
  </room>
  <room level='level0' areaVisible='true' floorColor='FFA8A8A8' ceilingColor='FFA8A8A8'>
    <point x='1808.0786' y='1054.8726'/>
    <point x='2425.9148' y='1054.8726'/>
    <point x='2425.9148' y='1547.1865'/>
    <point x='1808.0786' y='1547.1865'/>
  </room>
  <room level='level0' areaVisible='true' floorColor='FFA8A8A8' ceilingColor='FFA8A8A8'>
    <point x='1809.3242' y='1610.5659'/>
    <point x='2220.8042' y='1610.5659'/>
    <point x='2220.8042' y='1868.8711'/>
    <point x='1809.3242' y='1868.8711'/>
  </room>
  <room level='level0' areaVisible='true' floorColor='FFA8A8A8' ceilingColor='FFA8A8A8'>
    <point x='124.64319' y='1256.5435'/>
    <point x='470.67386' y='1241.125'/>
    <point x='470.67386' y='1853.2649'/>
    <point x='122.26648' y='1853.2649'/>
  </room>
  <room level='level0' areaVisible='true' floorColor='FFA8A8A8' ceilingColor='FFA8A8A8'>
    <point x='1804.1497' y='2105.287'/>
    <point x='2440.4934' y='2105.287'/>
    <point x='2442.383' y='2305.8413'/>
    <point x='1804.1497' y='2305.8413'/>
  </room>
  <room level='level0' areaVisible='true' floorColor='FFA8A8A8' ceilingColor='FFA8A8A8'>
    <point x='1795.4827' y='1915.1538'/>
    <point x='2440.4934' y='1915.1538'/>
    <point x='2440.4934' y='2054.3936'/>
    <point x='1804.1497' y='2054.3936'/>
  </room>
  <room level='level0' areaVisible='true' floorColor='FFA8A8A8' ceilingColor='FFA8A8A8'>
    <point x='2270.4626' y='1605.8901'/>
    <point x='2438.6047' y='1608.9878'/>
    <point x='2438.6047' y='1802.0278'/>
    <point x='2270.4626' y='1802.0278'/>
  </room>
  <room level='level1' areaVisible='true' floorColor='FFA8A8A8' ceilingColor='FFA8A8A8'>
    <point x='116.89508' y='154.95068'/>
    <point x='439.8719' y='148.71187'/>
    <point x='439.87186' y='662.2855'/>
    <point x='115.07387' y='662.2855'/>
  </room>
  <room level='level1' areaVisible='true' floorColor='FFA8A8A8' ceilingColor='FFA8A8A8'>
    <point x='483.31464' y='153.24268'/>
    <point x='831.97784' y='148.71187'/>
    <point x='831.97784' y='662.28546'/>
    <point x='477.97183' y='662.2855'/>
  </room>
  <room level='level1' areaVisible='true' floorColor='FFA8A8A8' ceilingColor='FFA8A8A8'>
    <point x='870.0778' y='148.71187'/>
    <point x='1326.4849' y='148.71187'/>
    <point x='1326.4849' y='1017.59674'/>
    <point x='870.07776' y='1017.5967'/>
  </room>
  <room level='level1' areaVisible='true' floorColor='FFA8A8A8' ceilingColor='FFA8A8A8'>
    <point x='1387.7585' y='156.26985'/>
    <point x='2442.383' y='156.26985'/>
    <point x='2442.383' y='1017.59674'/>
    <point x='1392.4111' y='1017.59686'/>
  </room>
  <room level='level1' areaVisible='true' floorColor='FFA8A8A8' ceilingColor='FFA8A8A8'>
    <point x='125.170105' y='703.3655'/>
    <point x='439.87186' y='703.3655'/>
    <point x='439.87186' y='1009.6022'/>
    <point x='125.170105' y='1009.6022'/>
  </room>
  <room level='level1' areaVisible='true' floorColor='FFA8A8A8' ceilingColor='FFA8A8A8'>
    <point x='484.65155' y='711.36'/>
    <point x='831.97784' y='711.36'/>
    <point x='831.97784' y='1017.59674'/>
    <point x='484.65155' y='1017.59674'/>
  </room>
  <room level='level1' areaVisible='true' floorColor='FFA8A8A8' ceilingColor='FFA8A8A8'>
    <point x='124.64319' y='1256.5435'/>
    <point x='470.67386' y='1241.125'/>
    <point x='470.67386' y='1853.265'/>
    <point x='122.26648' y='1853.265'/>
  </room>
  <room level='level1' areaVisible='true' floorColor='FFA8A8A8' ceilingColor='FFA8A8A8'>
    <point x='1808.0786' y='1054.8726'/>
    <point x='2425.915' y='1054.8726'/>
    <point x='2425.915' y='1547.1868'/>
    <point x='1808.0786' y='1547.1868'/>
  </room>
  <room level='level1' areaVisible='true' floorColor='FFA8A8A8' ceilingColor='FFA8A8A8'>
    <point x='1809.3242' y='1610.5662'/>
    <point x='2220.8042' y='1610.5662'/>
    <point x='2220.8042' y='1868.8713'/>
    <point x='1809.3242' y='1868.8713'/>
  </room>
  <room level='level1' areaVisible='true' floorColor='FFA8A8A8' ceilingVisible='false' ceilingColor='FFA8A8A8'>
    <point x='1804.1497' y='2105.2876'/>
    <point x='2440.4934' y='2105.2876'/>
    <point x='2442.383' y='2305.8408'/>
    <point x='1804.1497' y='2305.8408'/>
  </room>
  <room level='level0' areaVisible='true' floorColor='FF19BCF7' ceilingVisible='false'>
    <point x='862.5625' y='1397.9683'/>
    <point x='1428.9824' y='1397.9683'/>
    <point x='1428.9824' y='1955.9431'/>
    <point x='852.40234' y='1955.9431'/>
  </room>
  <room level='level0' areaVisible='true' floorColor='FFA8A8A8'>
    <point x='115.07385' y='2320.412'/>
    <point x='1757.3826' y='2320.412'/>
    <point x='1757.3826' y='1967.3516'/>
    <point x='508.77383' y='1967.3516'/>
    <point x='508.77383' y='2004.3948'/>
    <point x='470.67386' y='2004.3948'/>
    <point x='470.67386' y='1915.1538'/>
    <point x='115.07385' y='1915.1538'/>
  </room>
  <room level='level0' areaVisible='true' floorColor='FFA8A8A8'>
    <point x='115.07385' y='1055.6968'/>
    <point x='1748.2938' y='1055.6968'/>
    <point x='1748.2938' y='1312.2368'/>
    <point x='1468.8938' y='1312.2368'/>
    <point x='1159.0138' y='1312.2368'/>
    <point x='780.55383' y='1312.2368'/>
    <point x='508.77383' y='1312.2368'/>
    <point x='508.77383' y='1192.8567'/>
    <point x='115.07385' y='1192.8567'/>
  </room>
  <room level='level0' areaVisible='true' floorColor='FFA8A8A8'>
    <point x='508.7738' y='1312.2368'/>
    <point x='508.7738' y='1967.3516'/>
    <point x='770.3938' y='1967.3516'/>
    <point x='780.55383' y='1312.2368'/>
  </room>
  <room level='level0' areaVisible='true' floorColor='FFA8A8A8'>
    <point x='1468.8938' y='1312.2368'/>
    <point x='1757.3826' y='1312.2368'/>
    <point x='1757.3826' y='1967.3516'/>
    <point x='1468.8938' y='1967.3516'/>
  </room>
  <room level='level1' areaVisible='true' floorColor='FFA8A8A8'>
    <point x='115.07387' y='1101.9624'/>
    <point x='1748.2938' y='1101.9624'/>
    <point x='1748.2938' y='1358.5024'/>
    <point x='1468.8938' y='1358.5024'/>
    <point x='1156.4739' y='1358.5024'/>
    <point x='780.55383' y='1358.5024'/>
    <point x='508.77383' y='1358.5024'/>
    <point x='508.77383' y='1239.1224'/>
    <point x='115.07387' y='1239.1224'/>
  </room>
  <room level='level1' areaVisible='true' floorColor='FFA8A8A8'>
    <point x='508.77383' y='1312.2368'/>
    <point x='508.77383' y='1967.3517'/>
    <point x='831.9778' y='1967.3517'/>
    <point x='831.9778' y='1312.2368'/>
  </room>
  <room level='level1' areaVisible='true' floorColor='FFA8A8A8'>
    <point x='1387.7585' y='1312.2368'/>
    <point x='1757.3826' y='1312.2368'/>
    <point x='1757.3826' y='1967.3517'/>
    <point x='1387.7585' y='1967.3517'/>
  </room>
  <room level='level1' areaVisible='true' floorColor='FFA8A8A8' ceilingVisible='false'>
    <point x='115.07387' y='2319.3943'/>
    <point x='1757.3826' y='2319.3943'/>
    <point x='1757.3826' y='1966.3342'/>
    <point x='508.77383' y='1966.3341'/>
    <point x='508.77383' y='2003.3774'/>
    <point x='470.67386' y='2003.3774'/>
    <point x='470.67386' y='1914.1365'/>
    <point x='115.07387' y='1914.1365'/>
  </room>
</home>