<?xml version='1.0'?>
<home version='6000' exportFlags='17' name='4_Simple_Plan_mod2.sh3d' camera='topCamera' selectedLevel='level1' wallHeight='243.84'>
  <environment groundColor='00A8A8A8' skyColor='00CCE4FC' lightColor='00D0D0D0'/>
  <observerCamera attribute='observerCamera' lens='PINHOLE' x='1721.9247' y='2355.0486' z='578.51025' yaw='40.125534' pitch='-0.14579657' fieldOfView='1.0995575' time='1543838400000' fixedSize='true'/>
  <camera attribute='topCamera' lens='PINHOLE' x='6381.0903' y='7039.088' z='4499.007' yaw='-54.161114' pitch='0.4750008' fieldOfView='1.0995575' time='1543838400000'/>
  <level id='level0' name='Level 0' elevation='0.0' floorThickness='12.0' height='243.84' elevationIndex='0'/>
  <level id='level1' name='Level 1' elevation='461.645' floorThickness='12.0' height='243.84' elevationIndex='0'/>
  <doorOrWindow level='level0' catalogId='eTeks#doorFrame' name='Door frame' creator='eTeks' model='1' x='1904.9485' y='1896.1166' width='125.729996' widthInPlan='125.73001' depth='9.678149' height='208.28' modelSize='1281' movable='false' cutOutShape='M0,0 v1 h1 v-1 z' wallCutOutOnBothSides='true'/>
  <doorOrWindow level='level0' catalogId='eTeks#doorFrame' name='Door frame' creator='eTeks' model='1' x='2305.155' y='2078.238' width='88.9' widthInPlan='88.899994' depth='9.678149' height='208.28' modelSize='1281' movable='false' cutOutShape='M0,0 v1 h1 v-1 z' wallCutOutOnBothSides='true'/>
  <pieceOfFurniture level='level0' catalogId='LucaPresidente#mensolaAzzurra' name='Blue shelf' creator='LucaPresidente' model='4/mensolaAzzurra.obj' x='2356.7278' y='1985.1835' elevation='241.3' width='162.56' depth='144.78' height='5.08' color='FFA2956E' modelRotation='0 0 1 0 1 0 -1 0 0' modelSize='1323'/>
  <doorOrWindow level='level0' catalogId='eTeks#serviceHatch' name='Service hatch' creator='eTeks' model='6' x='1524.2076' y='1040.4572' angle='3.1415927' width='208.28' widthInPlan='208.28008' depth='30.48' depthInPlan='30.479996' height='220.98' heightInPlan='220.98003' color='FFDDDDDD' modelSize='2316' movable='false' cutOutShape='M0,0 v1 h1 v-1 z'/>
  <doorOrWindow level='level0' catalogId='eTeks#serviceHatch' name='Service hatch' creator='eTeks' model='6' x='1096.6001' y='1036.6467' width='177.8' widthInPlan='177.80003' depth='38.10075' height='220.98' color='FFDDDDDD' modelSize='2316' movable='false' cutOutShape='M0,0 v1 h1 v-1 z'/>
  <doorOrWindow level='level0' catalogId='eTeks#serviceHatch' name='Service hatch' creator='eTeks' model='6' x='672.73596' y='1036.6467' angle='3.1415927' width='132.08' depth='38.10075' height='220.98' color='FFDDDDDD' modelSize='2316' movable='false' cutOutShape='M0,0 v1 h1 v-1 z'/>
  <doorOrWindow level='level0' catalogId='eTeks#serviceHatch' name='Service hatch' creator='eTeks' model='6' x='300.26456' y='1036.6467' width='114.299995' widthInPlan='114.3' depth='38.10075' height='220.98' color='FFDDDDDD' modelSize='2316' movable='false' cutOutShape='M0,0 v1 h1 v-1 z'/>
  <doorOrWindow level='level0' catalogId='eTeks#serviceHatch' name='Service hatch' creator='eTeks' model='6' x='675.36115' y='681.33545' width='132.08' depth='38.10075' height='220.98' color='FFDDDDDD' modelSize='2316' movable='false' cutOutShape='M0,0 v1 h1 v-1 z'/>
  <doorOrWindow level='level0' catalogId='eTeks#serviceHatch' name='Service hatch' creator='eTeks' model='6' x='288.18805' y='681.33545' width='114.299995' depth='38.10075' height='220.98' color='FFDDDDDD' modelSize='2316' movable='false' cutOutShape='M0,0 v1 h1 v-1 z'/>
  <doorOrWindow level='level0' catalogId='eTeks#serviceHatch' name='Service hatch' creator='eTeks' model='6' x='1776.4326' y='1287.9932' angle='1.5707964' width='208.28' depth='38.10075' height='220.98' color='FFDDDDDD' modelSize='2316' movable='false' cutOutShape='M0,0 v1 h1 v-1 z'/>
  <doorOrWindow level='level0' catalogId='eTeks#serviceHatch' name='Service hatch' creator='eTeks' model='6' x='1776.4326' y='1754.4688' angle='4.712389' width='152.4' widthInPlan='152.40002' depth='38.10075' height='220.98' color='FFDDDDDD' modelSize='2316' movable='false' cutOutShape='M0,0 v1 h1 v-1 z'/>
  <doorOrWindow level='level0' catalogId='eTeks#serviceHatch' name='Service hatch' creator='eTeks' model='6' x='1776.4326' y='1980.7648' angle='4.712389' width='119.38' depth='38.10075' height='220.98' color='FFDDDDDD' modelSize='2316' movable='false' cutOutShape='M0,0 v1 h1 v-1 z'/>
  <doorOrWindow level='level0' catalogId='eTeks#serviceHatch' name='Service hatch' creator='eTeks' model='6' x='1776.4326' y='2170.18' angle='1.5707964' width='129.54' depth='38.10075' height='220.98' color='FFDDDDDD' modelSize='2316' movable='false' cutOutShape='M0,0 v1 h1 v-1 z'/>
  <doorOrWindow level='level0' catalogId='eTeks#serviceHatch' name='Service hatch' creator='eTeks' model='6' x='2461.433' y='2168.096' angle='1.5707964' width='129.54' depth='38.10075' height='220.98' color='FFDDDDDD' modelSize='2316' movable='false' cutOutShape='M0,0 v1 h1 v-1 z'/>
  <doorOrWindow level='level0' catalogId='eTeks#serviceHatch' name='Service hatch' creator='eTeks' model='6' x='2251.4126' y='1762.0352' angle='4.712389' width='116.84' widthInPlan='116.840004' depth='38.10075' height='220.98' color='FFDDDDDD' modelSize='2316' movable='false' cutOutShape='M0,0 v1 h1 v-1 z'/>
  <doorOrWindow level='level0' catalogId='eTeks#serviceHatch' name='Service hatch' creator='eTeks' model='6' x='489.72385' y='1548.5968' angle='4.712389' width='152.4' depth='38.10075' height='220.98' color='FFDDDDDD' modelSize='2316' movable='false' cutOutShape='M0,0 v1 h1 v-1 z'/>
  <pieceOfFurniture level='level0' name='Threshold' model='8/Cube%20N230215.3DS' x='1776.595' y='1748.2593' angle='4.712389' width='166.37' depth='36.829998' height='32.385' color='FFA8A8A8' modelSize='10481354'/>
  <pieceOfFurniture level='level0' name='Threshold' model='8/Cube%20N230215.3DS' x='1777.1133' y='2172.1274' angle='4.712389' width='133.34999' depth='39.37' height='32.385' color='FFA8A8A8' modelSize='10481354'/>
  <pieceOfFurniture level='level0' name='Threshold' model='8/Cube%20N230215.3DS' x='1775.8015' y='1278.7981' angle='4.712389' width='223.51999' widthInPlan='223.52003' depth='36.829998' height='32.385' color='FFA8A8A8' modelSize='10481354'/>
  <pieceOfFurniture level='level0' name='Threshold' model='8/Cube%20N230215.3DS' x='1443.6683' y='1440.4978' angle='4.712389' width='233.68' widthInPlan='233.68001' depth='48.26' depthInPlan='48.260006' height='32.385' color='FFE6E6E6' modelSize='10481354'/>
  <pieceOfFurniture level='level0' name='Threshold' model='8/Cube%20N230215.3DS' x='1329.1683' y='1347.6387' width='179.06999' depth='49.53' depthInPlan='49.530006' height='32.385' color='FFE6E6E6' modelSize='10481354'/>
  <doorOrWindow level='level1' catalogId='eTeks#serviceHatch' name='Service hatch' creator='eTeks' model='6' x='1534.0416' y='1036.6467' width='208.28' depth='38.10075' height='220.98' color='FFDDDDDD' modelSize='2316' movable='false' cutOutShape='M0,0 v1 h1 v-1 z'/>
  <doorOrWindow level='level1' catalogId='eTeks#serviceHatch' name='Service hatch' creator='eTeks' model='6' x='1096.6001' y='1036.6467' width='177.8' widthInPlan='177.80003' depth='38.10075' height='220.98' color='FFDDDDDD' modelSize='2316' movable='false' cutOutShape='M0,0 v1 h1 v-1 z'/>
  <doorOrWindow level='level1' catalogId='eTeks#serviceHatch' name='Service hatch' creator='eTeks' model='6' x='672.73596' y='1036.6467' angle='3.1415927' width='132.08' depth='38.10075' height='220.98' color='FFDDDDDD' modelSize='2316' movable='false' cutOutShape='M0,0 v1 h1 v-1 z'/>
  <doorOrWindow level='level1' catalogId='eTeks#serviceHatch' name='Service hatch' creator='eTeks' model='6' x='300.26456' y='1036.6467' width='114.299995' widthInPlan='114.3' depth='38.10075' height='220.98' color='FFDDDDDD' modelSize='2316' movable='false' cutOutShape='M0,0 v1 h1 v-1 z'/>
  <doorOrWindow level='level1' catalogId='eTeks#serviceHatch' name='Service hatch' creator='eTeks' model='6' x='675.36115' y='681.33545' width='132.08' depth='38.10075' height='220.98' color='FFDDDDDD' modelSize='2316' movable='false' cutOutShape='M0,0 v1 h1 v-1 z'/>
  <doorOrWindow level='level1' catalogId='eTeks#serviceHatch' name='Service hatch' creator='eTeks' model='6' x='288.18805' y='681.33545' width='114.299995' depth='38.10075' height='220.98' color='FFDDDDDD' modelSize='2316' movable='false' cutOutShape='M0,0 v1 h1 v-1 z'/>
  <doorOrWindow level='level1' catalogId='eTeks#serviceHatch' name='Service hatch' creator='eTeks' model='6' x='1776.4326' y='1287.9932' angle='1.5707964' width='208.28' depth='38.10075' height='220.98' color='FFA8A8A8' modelSize='2316' movable='false' cutOutShape='M0,0 v1 h1 v-1 z'/>
  <doorOrWindow level='level1' catalogId='eTeks#serviceHatch' name='Service hatch' creator='eTeks' model='6' x='1776.4326' y='1754.4688' angle='4.712389' width='152.4' widthInPlan='152.40002' depth='38.10075' height='220.98' color='FFDDDDDD' modelSize='2316' movable='false' cutOutShape='M0,0 v1 h1 v-1 z'/>
  <doorOrWindow level='level1' catalogId='eTeks#serviceHatch' name='Service hatch' creator='eTeks' model='6' x='1776.4326' y='2170.18' angle='1.5707964' width='129.54' depth='38.10075' height='220.98' color='FFDDDDDD' modelSize='2316' movable='false' cutOutShape='M0,0 v1 h1 v-1 z'/>
  <doorOrWindow level='level1' catalogId='eTeks#serviceHatch' name='Service hatch' creator='eTeks' model='6' x='489.72385' y='1548.5968' angle='4.712389' width='152.4' depth='38.10075' height='220.98' color='FFDDDDDD' modelSize='2316' movable='false' cutOutShape='M0,0 v1 h1 v-1 z'/>
  <pieceOfFurniture level='level1' name='Simple Steps' model='10/Stairs%20N160808.3DS' x='3516.4038' y='1660.072' elevation='187.95999' angle='5.497787' width='0.3175' widthInPlan='0.3175001' depth='0.3175' depthInPlan='0.31750008' height='101.917496' modelSize='34711'/>
  <pieceOfFurniture level='level1' name='Simple Steps' model='10/Stairs%20N160808.3DS' x='1363.9717' y='3649.0295' elevation='187.95999' angle='5.497787' width='0.3175' widthInPlan='0.3175001' depth='0.3175' depthInPlan='0.31750008' height='101.917496' modelSize='34711'/>
  <pieceOfFurniture level='level1' name='Simple Steps' model='10/Stairs%20N160808.3DS' x='-1275.7192' y='1531.2078' elevation='187.95999' angle='5.497787' width='0.3175' widthInPlan='0.3175001' depth='0.3175' depthInPlan='0.31750005' height='101.917496' modelSize='34711'/>
  <pieceOfFurniture level='level1' name='Simple Steps' model='10/Stairs%20N160808.3DS' x='654.22595' y='-773.8435' elevation='187.95999' angle='5.497787' width='0.3175' widthInPlan='0.31750017' depth='0.3175' depthInPlan='0.3175001' height='101.917496' modelSize='34711'/>
  <pieceOfFurniture level='level0' name='Threshold' model='8/Cube%20N230215.3DS' x='1775.666' y='1983.7002' angle='1.5707964' width='128.27' widthInPlan='128.27003' depth='34.29' height='32.385' color='FFA8A8A8' modelSize='10481354'/>
  <pieceOfFurniture level='level0' name='Simple Steps' model='10/Stairs%20N160808.3DS' x='2162.5796' y='1986.3716' elevation='104.14' angle='0.7853982' width='193.04' widthInPlan='193.03995' depth='187.95999' depthInPlan='187.96002' height='109.22' heightInPlan='109.220055' modelSize='34711'/>
  <pieceOfFurniture level='level0' name='Simple Steps' model='10/Stairs%20N160808.3DS' x='2252.375' y='1989.2504' elevation='142.23999' angle='0.7853982' width='193.04' widthInPlan='193.03993' depth='187.95999' depthInPlan='187.96002' height='101.6' heightInPlan='101.600044' modelSize='34711'/>
  <pieceOfFurniture level='level0' name='Simple Steps' model='10/Stairs%20N160808.3DS' x='2357.8625' y='1859.9895' elevation='226.06' angle='5.497787' width='208.28' widthInPlan='208.27989' depth='203.2' height='91.44' heightInPlan='91.44005' modelSize='34711'/>
  <pieceOfFurniture level='level0' name='Simple Steps' model='10/Stairs%20N160808.3DS' x='2358.1091' y='1748.2878' elevation='320.04' angle='5.497787' width='208.28' widthInPlan='208.27989' depth='203.2' height='91.44' heightInPlan='91.44005' modelSize='34711'/>
  <pieceOfFurniture level='level0' name='Simple Steps' model='10/Stairs%20N160808.3DS' x='2049.0745' y='1990.1613' angle='0.7853982' width='193.04' widthInPlan='193.03995' depth='187.95999' depthInPlan='187.96002' height='109.22' heightInPlan='109.220055' modelSize='34711'/>
  <doorOrWindow level='level1' catalogId='eTeks#serviceHatch' name='Service hatch' creator='eTeks' model='6' x='2367.336' y='1586.8403' width='152.4' depth='38.10075' height='220.98' color='FFDDDDDD' modelSize='2316' movable='false' cutOutShape='M0,0 v1 h1 v-1 z'/>
  <pieceOfFurniture level='level0' name='Simple Steps' model='10/Stairs%20N160808.3DS' x='2360.035' y='1665.0115' elevation='363.22' angle='5.497787' width='208.28' widthInPlan='208.27989' depth='203.2' height='91.44' heightInPlan='91.44005' modelSize='34711'/>
  <pieceOfFurniture level='level0' name='MyCustomPillar' model='12/Untitled.obj' x='1440.4465' y='1344.9481' width='60.96' widthInPlan='60.95999' depth='63.5' depthInPlan='63.500008' height='452.11996' color='FFE6E6E6' modelSize='1459'/>
  <pieceOfFurniture level='level0' name='MyCustomPillar' model='12/Untitled.obj' x='1146.6694' y='1335.7489' width='60.96' depth='63.5' height='452.12' color='FFE6E6E6' modelSize='1459'/>
  <pieceOfFurniture level='level0' name='MyCustomPillar' model='12/Untitled.obj' x='810.1316' y='1351.2164' width='60.96' depth='63.5' height='452.12' color='FFE6E6E6' modelSize='1459'/>
  <pieceOfFurniture level='level0' name='MyCustomPillar' model='12/Untitled.obj' x='808.0469' y='1647.5973' width='60.96' depth='63.5' height='452.12' color='FFE6E6E6' modelSize='1459'/>
  <pieceOfFurniture level='level0' name='MyCustomPillar' model='12/Untitled.obj' x='805.3572' y='1939.8759' width='60.96' depth='63.5' height='452.12' color='FFE6E6E6' modelSize='1459'/>
  <pieceOfFurniture level='level0' name='MyCustomPillar' model='12/Untitled.obj' x='1123.1616' y='1954.2032' width='60.96' depth='63.5' height='452.12' color='FFE6E6E6' modelSize='1459'/>
  <pieceOfFurniture level='level0' name='MyCustomPillar' model='12/Untitled.obj' x='1440.6736' y='1942.712' width='60.96' depth='63.5' height='452.12' color='FFE6E6E6' modelSize='1459'/>
  <pieceOfFurniture level='level0' name='MyCustomPillar' model='12/Untitled.obj' x='1435.001' y='1656.2526' width='60.96' depth='63.5' height='452.12' color='FFE6E6E6' modelSize='1459'/>
  <pieceOfFurniture level='level0' name='Threshold' model='8/Cube%20N230215.3DS' x='1435.941' y='1777.5376' angle='4.712389' width='179.06999' depth='49.53' depthInPlan='49.530006' height='32.385' color='FFE6E6E6' modelSize='10481354'/>
  <pieceOfFurniture level='level0' name='Threshold' model='8/Cube%20N230215.3DS' x='1444.1925' y='1590.8475' angle='4.712389' width='67.31' depth='45.72' depthInPlan='45.72001' height='32.385' color='FFE6E6E6' modelSize='10481354'/>
  <pieceOfFurniture level='level0' name='Threshold' model='8/Cube%20N230215.3DS' x='1435.9415' y='1890.6421' angle='4.712389' width='40.64' depth='45.72' depthInPlan='45.72001' height='32.385' color='FFE6E6E6' modelSize='10481354'/>
  <pieceOfFurniture level='level0' name='Threshold' model='8/Cube%20N230215.3DS' x='1283.1816' y='1950.4146' width='259.08' depth='50.8' depthInPlan='50.800007' height='32.385' color='FFE6E6E6' modelSize='10481354'/>
  <pieceOfFurniture level='level0' name='Threshold' model='8/Cube%20N230215.3DS' x='965.3772' y='1950.011' width='259.08' depth='50.8' depthInPlan='50.800007' height='32.385' color='FFE6E6E6' modelSize='10481354'/>
  <pieceOfFurniture level='level0' name='Threshold' model='8/Cube%20N230215.3DS' x='808.371' y='1793.8257' angle='4.712389' width='228.59999' widthInPlan='228.6' depth='50.8' depthInPlan='50.800007' height='32.385' color='FFE6E6E6' modelSize='10481354'/>
  <pieceOfFurniture level='level0' name='Threshold' model='8/Cube%20N230215.3DS' x='811.4777' y='1471.0671' angle='4.712389' width='289.56' widthInPlan='289.56003' depth='60.96' depthInPlan='60.960007' height='32.385' color='FFE6E6E6' modelSize='10481354'/>
  <pieceOfFurniture level='level0' name='Threshold' model='8/Cube%20N230215.3DS' x='936.42444' y='1344.0962' width='179.06999' depth='49.53' depthInPlan='49.530006' height='32.385' color='FFE6E6E6' modelSize='10481354'/>
  <pieceOfFurniture level='level0' name='Threshold' model='8/Cube%20N230215.3DS' x='1089.5562' y='1345.6012' width='127.0' depth='45.72' depthInPlan='45.72001' height='32.385' color='FFE6E6E6' modelSize='10481354'/>
  <pieceOfFurniture level='level0' name='Threshold' model='8/Cube%20N230215.3DS' x='1197.5061' y='1345.1976' width='88.9' depth='45.72' depthInPlan='45.72001' height='32.385' color='FFE6E6E6' modelSize='10481354'/>
  <pieceOfFurniture level='level1' name='MyCustomPillar' model='12/Untitled.obj' x='808.0469' y='1647.5973' width='60.96' depth='63.5' height='452.12' color='FFE6E6E6' modelSize='1459'/>
  <pieceOfFurniture level='level1' name='MyCustomPillar' model='12/Untitled.obj' x='805.3572' y='1939.8759' width='60.96' depth='63.5' height='452.12' color='FFE6E6E6' modelSize='1459'/>
  <pieceOfFurniture level='level1' name='MyCustomPillar' model='12/Untitled.obj' x='1123.1616' y='1954.2032' width='60.96' depth='63.5' height='452.12' color='FFE6E6E6' modelSize='1459'/>
  <pieceOfFurniture level='level1' name='MyCustomPillar' model='12/Untitled.obj' x='1440.6736' y='1942.712' width='60.96' depth='63.5' height='452.12' color='FFE6E6E6' modelSize='1459'/>
  <pieceOfFurniture level='level1' name='MyCustomPillar' model='12/Untitled.obj' x='1435.001' y='1656.2526' width='60.96' depth='63.5' height='452.12' color='FFE6E6E6' modelSize='1459'/>
  <pieceOfFurniture level='level1' name='MyCustomPillar' model='12/Untitled.obj' x='1440.4465' y='1344.9481' width='60.96' depth='63.5' height='452.12' color='FFE6E6E6' modelSize='1459'/>
  <pieceOfFurniture level='level1' name='MyCustomPillar' model='12/Untitled.obj' x='1146.6694' y='1335.7489' width='60.96' depth='63.5' height='452.12' color='FFE6E6E6' modelSize='1459'/>
  <pieceOfFurniture level='level1' name='MyCustomPillar' model='12/Untitled.obj' x='810.1316' y='1351.2164' width='60.96' depth='63.5' height='452.12' color='FFE6E6E6' modelSize='1459'/>
  <pieceOfFurniture level='level1' name='Threshold' model='8/Cube%20N230215.3DS' x='977.17004' y='1346.638' width='266.69998' widthInPlan='266.7' depth='17.779999' depthInPlan='17.78' height='109.22' heightInPlan='109.21999' color='FFA2956E' modelSize='10481354'/>
  <pieceOfFurniture level='level1' name='Threshold' model='8/Cube%20N230215.3DS' x='1310.4994' y='1351.2909' width='266.69998' widthInPlan='266.7' depth='17.779999' depthInPlan='17.78' height='109.22' heightInPlan='109.21999' color='FFA2956E' modelSize='10481354'/>
  <pieceOfFurniture level='level1' name='Threshold' model='8/Cube%20N230215.3DS' x='1286.9916' y='1948.338' width='266.69998' widthInPlan='266.7' depth='17.779999' depthInPlan='17.78' height='109.22' heightInPlan='109.21999' color='FFA2956E' modelSize='10481354'/>
  <pieceOfFurniture level='level1' name='Threshold' model='8/Cube%20N230215.3DS' x='959.3316' y='1949.9215' width='266.69998' widthInPlan='266.7' depth='17.779999' depthInPlan='17.78' height='109.22' heightInPlan='109.21999' color='FFA2956E' modelSize='10481354'/>
  <pieceOfFurniture level='level1' name='Threshold' model='8/Cube%20N230215.3DS' x='819.1449' y='1501.6915' angle='4.712389' width='266.69998' widthInPlan='266.7' depth='17.779999' depthInPlan='17.78' height='109.22' heightInPlan='109.21999' color='FFA2956E' modelSize='10481354'/>
  <pieceOfFurniture level='level1' name='Threshold' model='8/Cube%20N230215.3DS' x='817.65906' y='1774.7759' angle='4.712389' width='266.69998' widthInPlan='266.7' depth='17.779999' depthInPlan='17.78' height='109.22' heightInPlan='109.21999' color='FFA2956E' modelSize='10481354'/>
  <pieceOfFurniture level='level1' name='Threshold' model='8/Cube%20N230215.3DS' x='1440.7472' y='1510.0481' angle='4.712389' width='266.69998' widthInPlan='266.7' depth='17.779999' depthInPlan='17.78' height='109.22' heightInPlan='109.21999' color='FFA2956E' modelSize='10481354'/>
  <pieceOfFurniture level='level1' name='Threshold' model='8/Cube%20N230215.3DS' x='1439.2612' y='1806.2944' angle='4.712389' width='266.69998' widthInPlan='266.7' depth='17.779999' depthInPlan='17.78' height='109.22' heightInPlan='109.21999' color='FFA2956E' modelSize='10481354'/>
  <pieceOfFurniture level='level0' catalogId='Snduc#bacADouchePlat' name='Shower cubicle' creator='Snduc' model='14' x='1122.4148' y='1664.4624' width='322.58' widthInPlan='322.58002' depth='322.58' depthInPlan='322.57996' height='15.24' heightInPlan='15.239999' modelRotation='0 0 1 0 1 0 -1 0 0' modelSize='29607' movable='false'/>
  <pieceOfFurniture level='level0' name='Threshold' model='8/Cube%20N230215.3DS' x='809.71204' y='1649.8679' elevation='447.03998' angle='4.712389' width='63.5' widthInPlan='63.499996' depth='67.46875' depthInPlan='67.468765' height='3.96875' heightInPlan='3.9687498' color='FF700031' modelSize='10481354'/>
  <pieceOfFurniture level='level0' name='Threshold' model='8/Cube%20N230215.3DS' x='812.19446' y='1352.3591' elevation='447.03998' angle='4.712389' width='63.5' depth='67.6275' height='4.1275' color='FF700031' modelSize='10481354'/>
  <pieceOfFurniture level='level0' name='Threshold' model='8/Cube%20N230215.3DS' x='1145.3236' y='1337.3235' elevation='447.03998' angle='4.712389' width='63.5' depth='67.6275' height='4.1275' color='FF700031' modelSize='10481354'/>
  <pieceOfFurniture level='level0' name='Threshold' model='8/Cube%20N230215.3DS' x='1439.0385' y='1348.5647' elevation='447.03998' angle='4.712389' width='63.5' depth='67.6275' height='4.1275' color='FF700031' modelSize='10481354'/>
  <pieceOfFurniture level='level0' name='Threshold' model='8/Cube%20N230215.3DS' x='1428.3822' y='1657.6072' elevation='447.03998' angle='4.712389' width='63.5' depth='67.6275' height='4.1275' color='FF700031' modelSize='10481354'/>
  <pieceOfFurniture level='level0' name='Threshold' model='8/Cube%20N230215.3DS' x='1439.6234' y='1942.5627' elevation='447.03998' angle='4.712389' width='63.5' depth='67.6275' height='4.1275' color='FF700031' modelSize='10481354'/>
  <pieceOfFurniture level='level0' name='Threshold' model='8/Cube%20N230215.3DS' x='1122.4076' y='1955.9934' elevation='447.03998' angle='4.712389' width='63.5' depth='67.6275' height='4.1275' color='FF700031' modelSize='10481354'/>
  <pieceOfFurniture level='level0' name='Threshold' model='8/Cube%20N230215.3DS' x='803.00183' y='1940.9578' elevation='447.03998' angle='4.712389' width='63.5' depth='67.6275' height='4.1275' color='FF700031' modelSize='10481354'/>
  <pieceOfFurniture level='level1' name='roof-obj' model='16/roof.obj' x='1084.9474' y='1189.0468' elevation='457.19998' width='1028.7' widthInPlan='1028.7006' depth='342.9' depthInPlan='342.90015' height='91.44' heightInPlan='91.43999' modelSize='97780'>
    <texture name='Square roof slates' creator='Scopia' catalogId='eTeksScopia#square-roof-slates' width='150.0' height='150.0' image='17'/>
  </pieceOfFurniture>
  <pieceOfFurniture level='level1' name='roof-obj' model='16/roof.obj' x='1590.2266' y='1600.5312' elevation='457.19998' angle='1.5707964' width='1158.24' widthInPlan='1158.2408' depth='358.13998' depthInPlan='358.1401' height='83.82' heightInPlan='83.82002' modelSize='97780'>
    <texture name='Square roof slates' creator='Scopia' catalogId='eTeksScopia#square-roof-slates' width='150.0' height='150.0' image='17'/>
  </pieceOfFurniture>
  <pieceOfFurniture level='level1' name='roof-obj' model='16/roof.obj' x='463.05386' y='1546.9817' elevation='457.19998' angle='4.712389' width='1043.94' widthInPlan='1043.9401' depth='792.48' height='106.68' modelSize='97780'>
    <texture name='Square roof slates' creator='Scopia' catalogId='eTeksScopia#square-roof-slates' width='150.0' height='150.0' image='17'/>
  </pieceOfFurniture>
  <pieceOfFurniture level='level1' name='roof-obj' model='16/roof.obj' x='946.1248' y='2131.8533' elevation='457.19998' width='1752.6' widthInPlan='1752.6012' depth='434.34' depthInPlan='434.34012' height='99.06' heightInPlan='99.060036' modelSize='97780'>
    <texture name='Square roof slates' creator='Scopia' catalogId='eTeksScopia#square-roof-slates' width='150.0' height='150.0' image='17'/>
  </pieceOfFurniture>
  <pieceOfFurniture level='level1' name='roof-obj' model='16/roof.obj' x='2116.787' y='1594.3618' elevation='457.19998' angle='4.712389' width='1516.38' widthInPlan='1516.3802' depth='708.66' depthInPlan='708.66003' height='160.02' modelSize='97780'>
    <texture name='Square roof slates' creator='Scopia' catalogId='eTeksScopia#square-roof-slates' width='150.0' height='150.0' image='17'/>
  </pieceOfFurniture>
  <pieceOfFurniture level='level1' name='roof-obj' model='16/roof.obj' x='1273.8158' y='581.72034' elevation='457.19998' width='2385.06' widthInPlan='2385.0605' depth='937.26' depthInPlan='937.2602' height='175.26' modelSize='97780'>
    <texture name='Square roof slates' creator='Scopia' catalogId='eTeksScopia#square-roof-slates' width='150.0' height='150.0' image='17'/>
  </pieceOfFurniture>
  <wall id='wall0' level='level0' wallAtStart='wall42' wallAtEnd='wall38' xStart='96.023865' yStart='2339.462' xEnd='96.023865' yEnd='129.66187' height='452.11996' thickness='38.1' pattern='hatchUp'/>
  <wall id='wall1' level='level0' wallAtStart='wall41' xStart='2461.433' yStart='131.65454' xEnd='2461.433' yEnd='2359.2346' height='452.11996' thickness='38.1' pattern='hatchUp'/>
  <wall id='wall2' level='level0' xStart='851.0277' yStart='129.66187' xEnd='1355.6992' yEnd='129.66187' height='452.11996' thickness='38.1' pattern='hatchUp'/>
  <wall id='wall3' level='level0' xStart='2461.433' yStart='1036.6467' xEnd='2461.433' yEnd='1547.1868' height='243.84' thickness='7.62' pattern='hatchUp'/>
  <wall id='wall4' level='level0' xStart='458.92188' yStart='129.66187' xEnd='458.92184' yEnd='1036.6467' height='452.11996' thickness='38.1' pattern='hatchUp'/>
  <wall id='wall5' level='level0' xStart='851.0277' yStart='118.800354' xEnd='851.0278' yEnd='1036.6467' height='452.11996' thickness='38.1' pattern='hatchUp'/>
  <wall id='wall6' level='level0' xStart='1355.6992' yStart='118.800354' xEnd='1355.6992' yEnd='1025.5803' height='452.11996' thickness='38.1' pattern='hatchUp'/>
  <wall id='wall7' level='level0' xStart='96.023865' yStart='681.33545' xEnd='851.02783' yEnd='681.33545' height='452.11996' thickness='38.1' pattern='hatchUp'/>
  <wall id='wall8' level='level0' xStart='1776.4326' yStart='1166.6509' xEnd='1776.4326' yEnd='2324.8909' height='452.11996' thickness='38.1' pattern='hatchUp'/>
  <wall id='wall9' level='level0' xStart='1776.4326' yStart='1586.8403' xEnd='2461.433' yEnd='1586.8403' height='452.11996' thickness='38.1' pattern='hatchUp'/>
  <wall id='wall10' level='level0' xStart='1776.4326' yStart='2078.2256' xEnd='2461.433' yEnd='2078.2256' height='452.11996' thickness='38.1' pattern='hatchUp'/>
  <wall id='wall11' level='level0' wallAtEnd='wall12' xStart='1776.4326' yStart='1896.104' xEnd='2251.4126' yEnd='1896.104' height='452.11996' thickness='38.1' pattern='hatchUp'/>
  <wall id='wall12' level='level0' wallAtStart='wall11' xStart='2251.4126' yStart='1896.104' xEnd='2251.4126' yEnd='1586.8403' height='452.11996' thickness='38.1' pattern='hatchUp'/>
  <wall id='wall13' level='level0' wallAtEnd='wall14' xStart='96.023865' yStart='1222.075' xEnd='489.72385' yEnd='1222.075' height='452.11996' thickness='38.1' pattern='hatchUp'/>
  <wall id='wall14' level='level0' wallAtStart='wall13' xStart='489.72385' yStart='1222.075' xEnd='489.72385' yEnd='2004.395' height='452.11996' thickness='38.1' pattern='hatchUp'/>
  <wall id='wall15' level='level0' xStart='489.72385' yStart='1896.104' xEnd='96.023865' yEnd='1896.104' height='452.11996' thickness='38.1' pattern='hatchUp'/>
  <wall id='wall16' level='level0' xStart='1776.4326' yStart='1055.2163' xEnd='1776.4326' yEnd='1184.7563' height='452.11996' thickness='38.1' pattern='hatchUp'/>
  <wall id='wall17' level='level0' xStart='2444.3035' yStart='2054.394' xEnd='2444.3035' yEnd='1923.584' height='243.84' thickness='7.62' pattern='hatchUp'/>
  <wall id='wall18' level='level1' xStart='2461.433' yStart='2238.5308' xEnd='2461.433' yEnd='2324.8909' height='243.84' thickness='38.1' pattern='hatchUp'/>
  <wall id='wall19' level='level1' wallAtEnd='wall20' xStart='83.993164' yStart='129.66187' xEnd='2461.433' yEnd='129.66187' height='452.11996' thickness='38.1' pattern='hatchUp'/>
  <wall id='wall20' level='level1' wallAtStart='wall19' xStart='2461.433' yStart='129.66187' xEnd='2461.433' yEnd='2359.2346' height='452.11996' thickness='38.1' pattern='hatchUp'/>
  <wall id='wall21' level='level1' xStart='866.7448' yStart='129.66187' xEnd='1326.4849' yEnd='129.66187' height='243.84' thickness='7.62' pattern='hatchUp'/>
  <wall id='wall22' level='level1' xStart='2393.1711' yStart='129.66187' xEnd='1392.4111' yEnd='129.66196' height='243.84' thickness='7.62' pattern='hatchUp'/>
  <wall id='wall23' level='level1' xStart='2461.433' yStart='1036.6467' xEnd='2461.433' yEnd='1547.1868' height='243.84' thickness='7.62' pattern='hatchUp'/>
  <wall id='wall24' level='level1' xStart='458.92188' yStart='129.66187' xEnd='458.92184' yEnd='1036.6467' height='452.11996' thickness='38.1' pattern='hatchUp'/>
  <wall id='wall25' level='level1' xStart='851.02783' yStart='129.66187' xEnd='851.0278' yEnd='1036.6467' height='452.11996' thickness='38.1' pattern='hatchUp'/>
  <wall id='wall26' level='level1' xStart='1361.6775' yStart='129.66187' xEnd='1361.6775' yEnd='1041.5219' height='452.11996' thickness='38.1' pattern='hatchUp'/>
  <wall id='wall27' level='level1' xStart='96.023865' yStart='681.33545' xEnd='851.02783' yEnd='681.33545' height='452.11996' thickness='38.1' pattern='hatchUp'/>
  <wall id='wall28' level='level1' xStart='1776.4326' yStart='1166.6509' xEnd='1776.4326' yEnd='2324.8909' height='452.11996' thickness='38.1' pattern='hatchUp'/>
  <wall id='wall29' level='level1' xStart='1776.4326' yStart='1586.8403' xEnd='2461.433' yEnd='1586.8403' height='452.11996' thickness='38.1' pattern='hatchUp'/>
  <wall id='wall30' level='level1' xStart='1776.4326' yStart='2078.2256' xEnd='2461.433' yEnd='2078.2256' height='452.11996' thickness='38.1' pattern='hatchUp'/>
  <wall id='wall31' level='level1' wallAtEnd='wall32' xStart='1776.4326' yStart='1896.104' xEnd='2251.4126' yEnd='1896.104' height='452.11996' thickness='38.1' pattern='hatchUp'/>
  <wall id='wall32' level='level1' wallAtStart='wall31' xStart='2251.4126' yStart='1896.104' xEnd='2251.4126' yEnd='1586.8403' height='452.11996' thickness='38.1' pattern='hatchUp'/>
  <wall id='wall33' level='level1' wallAtEnd='wall34' xStart='96.023865' yStart='1222.075' xEnd='489.72385' yEnd='1222.075' height='452.11996' thickness='38.1' pattern='hatchUp'/>
  <wall id='wall34' level='level1' wallAtStart='wall33' xStart='489.72385' yStart='1222.075' xEnd='489.72385' yEnd='2004.395' height='452.11996' thickness='38.1' pattern='hatchUp'/>
  <wall id='wall35' level='level1' xStart='489.72385' yStart='1896.104' xEnd='96.023865' yEnd='1896.104' height='452.11996' thickness='38.1' pattern='hatchUp'/>
  <wall id='wall36' level='level1' xStart='1776.4326' yStart='1055.2163' xEnd='1776.4326' yEnd='1184.7563' height='452.11996' thickness='38.1' pattern='hatchUp'/>
  <wall id='wall37' level='level1' xStart='2444.3035' yStart='2054.394' xEnd='2444.3035' yEnd='1923.584' height='243.84' thickness='7.62' pattern='hatchUp'/>
  <wall id='wall38' level='level0' wallAtStart='wall0' wallAtEnd='wall41' xStart='96.023865' yStart='129.66187' xEnd='851.02783' yEnd='129.66187' height='452.11996' thickness='38.1' pattern='hatchUp'/>
  <wall id='wall39' level='level0' wallAtEnd='wall40' xStart='96.023865' yStart='1036.6467' xEnd='851.02783' yEnd='1036.6467' height='452.11996' thickness='38.1' pattern='hatchUp'/>
  <wall id='wall40' level='level0' wallAtStart='wall39' xStart='851.02783' yStart='1036.6467' xEnd='2461.433' yEnd='1036.6467' height='452.11996' thickness='38.1' pattern='hatchUp'/>
  <wall id='wall41' level='level0' wallAtStart='wall38' wallAtEnd='wall1' xStart='851.02783' yStart='129.66187' xEnd='2461.433' yEnd='131.65454' height='452.11996' thickness='38.1' pattern='hatchUp'/>
  <wall id='wall42' level='level0' wallAtStart='wall0' xStart='96.023865' yStart='2339.462' xEnd='2473.4639' yEnd='2339.462' height='452.11996' thickness='38.1' pattern='hatchUp'/>
  <wall id='wall43' level='level1' xStart='96.023865' yStart='2339.462' xEnd='2473.4639' yEnd='2339.462' height='452.11996' thickness='38.1' pattern='hatchUp'/>
  <wall id='wall44' level='level1' xStart='96.023766' yStart='2359.2346' xEnd='96.023766' yEnd='108.79468' height='452.11996' thickness='38.1' pattern='hatchUp'/>
  <wall id='wall45' level='level1' xStart='96.023865' yStart='1036.6467' xEnd='2461.433' yEnd='1036.6467' height='452.11996' thickness='38.1' pattern='hatchUp'/>
  <room level='level0' areaVisible='true' floorColor='FFA8A8A8' ceilingColor='FFA8A8A8'>
    <point x='870.0778' y='148.71187'/>
    <point x='1326.4849' y='148.71187'/>
    <point x='1326.4849' y='1017.59674'/>
    <point x='870.07776' y='1017.5967'/>
  </room>
  <room level='level0' areaVisible='true' floorColor='FFA8A8A8' ceilingColor='FFA8A8A8'>
    <point x='483.31464' y='153.24268'/>
    <point x='831.97784' y='148.71187'/>
    <point x='831.97784' y='662.28546'/>
    <point x='477.97183' y='662.2855'/>
  </room>
  <room level='level0' areaVisible='true' floorColor='FFA8A8A8' ceilingColor='FFA8A8A8'>
    <point x='116.89508' y='154.95068'/>
    <point x='439.8719' y='148.71187'/>
    <point x='439.87186' y='662.2855'/>
    <point x='115.07387' y='662.2855'/>
  </room>
  <room level='level0' areaVisible='true' floorColor='FFA8A8A8' ceilingColor='FFA8A8A8'>
    <point x='1387.7585' y='156.26985'/>
    <point x='2442.383' y='156.26985'/>
    <point x='2442.383' y='1017.59674'/>
    <point x='1392.4111' y='1017.59686'/>
  </room>
  <room level='level0' areaVisible='true' floorColor='FFA8A8A8' ceilingColor='FFA8A8A8'>
    <point x='484.65155' y='711.36'/>
    <point x='831.97784' y='711.36'/>
    <point x='831.97784' y='1017.59674'/>
    <point x='484.65155' y='1017.59674'/>
  </room>
  <room level='level0' areaVisible='true' floorColor='FFA8A8A8' ceilingColor='FFA8A8A8'>
    <point x='125.170105' y='703.3655'/>
    <point x='439.87186' y='703.3655'/>
    <point x='439.87186' y='1009.6022'/>
    <point x='125.170105' y='1009.6022'/>
  </room>
  <room level='level0' areaVisible='true' floorColor='FFA8A8A8' ceilingColor='FFA8A8A8'>
    <point x='1808.0786' y='1054.8726'/>
    <point x='2425.915' y='1054.8726'/>
    <point x='2425.915' y='1547.1868'/>
    <point x='1808.0786' y='1547.1868'/>
  </room>
  <room level='level0' areaVisible='true' floorColor='FFA8A8A8' ceilingColor='FFA8A8A8'>
    <point x='1809.3242' y='1610.5662'/>
    <point x='2220.8042' y='1610.5662'/>
    <point x='2220.8042' y='1868.8713'/>
    <point x='1809.3242' y='1868.8713'/>
  </room>
  <room level='level0' areaVisible='true' floorColor='FFA8A8A8' ceilingColor='FFA8A8A8'>
    <point x='124.64319' y='1256.5435'/>
    <point x='470.67386' y='1241.125'/>
    <point x='470.67386' y='1853.265'/>
    <point x='122.26648' y='1853.265'/>
  </room>
  <room level='level0' areaVisible='true' floorColor='FFA8A8A8' ceilingColor='FFA8A8A8'>
    <point x='1804.1497' y='2105.2876'/>
    <point x='2440.4934' y='2105.2876'/>
    <point x='2442.383' y='2305.8408'/>
    <point x='1804.1497' y='2305.8408'/>
  </room>
  <room level='level0' areaVisible='true' floorColor='FFA8A8A8' ceilingColor='FFA8A8A8'>
    <point x='1795.4827' y='1915.154'/>
    <point x='2440.4934' y='1915.154'/>
    <point x='2440.4934' y='2054.394'/>
    <point x='1804.1497' y='2054.394'/>
  </room>
  <room level='level0' areaVisible='true' floorColor='FFA8A8A8' ceilingColor='FFA8A8A8'>
    <point x='2270.4626' y='1605.8904'/>
    <point x='2438.6047' y='1608.988'/>
    <point x='2438.6047' y='1802.028'/>
    <point x='2270.4626' y='1802.028'/>
  </room>
  <room level='level1' areaVisible='true' floorColor='FFA8A8A8' ceilingColor='FFA8A8A8'>
    <point x='116.89508' y='154.95068'/>
    <point x='439.8719' y='148.71187'/>
    <point x='439.87186' y='662.2855'/>
    <point x='115.07387' y='662.2855'/>
  </room>
  <room level='level1' areaVisible='true' floorColor='FFA8A8A8' ceilingColor='FFA8A8A8'>
    <point x='483.31464' y='153.24268'/>
    <point x='831.97784' y='148.71187'/>
    <point x='831.97784' y='662.28546'/>
    <point x='477.97183' y='662.2855'/>
  </room>
  <room level='level1' areaVisible='true' floorColor='FFA8A8A8' ceilingColor='FFA8A8A8'>
    <point x='870.0778' y='148.71187'/>
    <point x='1326.4849' y='148.71187'/>
    <point x='1326.4849' y='1017.59674'/>
    <point x='870.07776' y='1017.5967'/>
  </room>
  <room level='level1' areaVisible='true' floorColor='FFA8A8A8' ceilingColor='FFA8A8A8'>
    <point x='1387.7585' y='156.26985'/>
    <point x='2442.383' y='156.26985'/>
    <point x='2442.383' y='1017.59674'/>
    <point x='1392.4111' y='1017.59686'/>
  </room>
  <room level='level1' areaVisible='true' floorColor='FFA8A8A8' ceilingColor='FFA8A8A8'>
    <point x='125.170105' y='703.3655'/>
    <point x='439.87186' y='703.3655'/>
    <point x='439.87186' y='1009.6022'/>
    <point x='125.170105' y='1009.6022'/>
  </room>
  <room level='level1' areaVisible='true' floorColor='FFA8A8A8' ceilingColor='FFA8A8A8'>
    <point x='484.65155' y='711.36'/>
    <point x='831.97784' y='711.36'/>
    <point x='831.97784' y='1017.59674'/>
    <point x='484.65155' y='1017.59674'/>
  </room>
  <room level='level1' areaVisible='true' floorColor='FFA8A8A8' ceilingColor='FFA8A8A8'>
    <point x='124.64319' y='1256.5435'/>
    <point x='470.67386' y='1241.125'/>
    <point x='470.67386' y='1853.265'/>
    <point x='122.26648' y='1853.265'/>
  </room>
  <room level='level1' areaVisible='true' floorColor='FFA8A8A8' ceilingColor='FFA8A8A8'>
    <point x='1808.0786' y='1054.8726'/>
    <point x='2425.915' y='1054.8726'/>
    <point x='2425.915' y='1547.1868'/>
    <point x='1808.0786' y='1547.1868'/>
  </room>
  <room level='level1' areaVisible='true' floorColor='FFA8A8A8' ceilingColor='FFA8A8A8'>
    <point x='1809.3242' y='1610.5662'/>
    <point x='2220.8042' y='1610.5662'/>
    <point x='2220.8042' y='1868.8713'/>
    <point x='1809.3242' y='1868.8713'/>
  </room>
  <room level='level1' areaVisible='true' floorColor='FFA8A8A8' ceilingVisible='false' ceilingColor='FFA8A8A8'>
    <point x='1804.1497' y='2105.2876'/>
    <point x='2440.4934' y='2105.2876'/>
    <point x='2442.383' y='2305.8408'/>
    <point x='1804.1497' y='2305.8408'/>
  </room>
  <room level='level0' areaVisible='true' floorColor='FF36A8FF' ceilingVisible='false'>
    <point x='851.0276' y='1369.131'/>
    <point x='1417.4475' y='1369.131'/>
    <point x='1417.4475' y='1927.106'/>
    <point x='840.86743' y='1927.106'/>
  </room>
  <room level='level0' areaVisible='true' floorColor='FFA8A8A8'>
    <point x='115.07387' y='2320.4119'/>
    <point x='1757.3826' y='2320.4119'/>
    <point x='1757.3826' y='1967.3518'/>
    <point x='508.77383' y='1967.3517'/>
    <point x='508.77383' y='2004.395'/>
    <point x='470.67386' y='2004.395'/>
    <point x='470.67386' y='1915.154'/>
    <point x='115.07387' y='1915.154'/>
  </room>
  <room level='level0' areaVisible='true' floorColor='FFA8A8A8'>
    <point x='115.07387' y='1055.6968'/>
    <point x='1748.2938' y='1055.6968'/>
    <point x='1748.2938' y='1312.2368'/>
    <point x='1468.8938' y='1312.2368'/>
    <point x='1159.0138' y='1312.2368'/>
    <point x='780.55383' y='1312.2368'/>
    <point x='508.77383' y='1312.2368'/>
    <point x='508.77383' y='1192.8568'/>
    <point x='115.07387' y='1192.8568'/>
  </room>
  <room level='level0' areaVisible='true' floorColor='FFA8A8A8'>
    <point x='508.77383' y='1312.2368'/>
    <point x='508.77383' y='1967.3517'/>
    <point x='770.3938' y='1967.3517'/>
    <point x='780.55383' y='1312.2368'/>
  </room>
  <room level='level0' areaVisible='true' floorColor='FFA8A8A8'>
    <point x='1468.8938' y='1312.2368'/>
    <point x='1757.3826' y='1312.2368'/>
    <point x='1757.3826' y='1967.3517'/>
    <point x='1468.8938' y='1967.3517'/>
  </room>
  <room level='level1' areaVisible='true' floorColor='FFA8A8A8'>
    <point x='115.07387' y='1101.9624'/>
    <point x='1748.2938' y='1101.9624'/>
    <point x='1748.2938' y='1358.5024'/>
    <point x='1468.8938' y='1358.5024'/>
    <point x='1156.4739' y='1358.5024'/>
    <point x='780.55383' y='1358.5024'/>
    <point x='508.77383' y='1358.5024'/>
    <point x='508.77383' y='1239.1224'/>
    <point x='115.07387' y='1239.1224'/>
  </room>
  <room level='level1' areaVisible='true' floorColor='FFA8A8A8'>
    <point x='508.77383' y='1312.2368'/>
    <point x='508.77383' y='1967.3517'/>
    <point x='831.9778' y='1967.3517'/>
    <point x='831.9778' y='1312.2368'/>
  </room>
  <room level='level1' areaVisible='true' floorColor='FFA8A8A8'>
    <point x='1387.7585' y='1312.2368'/>
    <point x='1757.3826' y='1312.2368'/>
    <point x='1757.3826' y='1967.3517'/>
    <point x='1387.7585' y='1967.3517'/>
  </room>
  <room level='level1' areaVisible='true' floorColor='FFA8A8A8'>
    <point x='115.07387' y='2275.7986'/>
    <point x='1757.3826' y='2275.7986'/>
    <point x='1757.3826' y='1922.7385'/>
    <point x='508.77383' y='1922.7384'/>
    <point x='508.77383' y='1959.7817'/>
    <point x='470.67386' y='1959.7817'/>
    <point x='470.67386' y='1870.5408'/>
    <point x='115.07387' y='1870.5408'/>
  </room>
</home>