<?xml version='1.0'?>
<home version='6000' exportFlags='27' name='BasicPlan1_Fullsite.sh3d' structure='HomeStructure/Home.obj' camera='topCamera' selectedLevel='level3'>
  <environment groundColor='FFC9C9C9' skyColor='00CCE4FC' lightColor='00ADADAD'/>
  <observerCamera attribute='observerCamera' lens='PINHOLE' x='13625.065' y='7097.9985' z='1303.1483' yaw='8.111732' pitch='0.14634925' fieldOfView='1.0995575' time='1552219200000' fixedSize='true'/>
  <camera attribute='topCamera' lens='PINHOLE' x='26352.635' y='17632.12' z='12324.355' yaw='-29.356981' pitch='0.4549995' fieldOfView='1.0995575' time='1552219200000'/>
  <level id='level0' name='Level 0' elevation='0.0' floorThickness='12.0' height='243.84' elevationIndex='0'/>
  <level id='level1' name='Level 1' elevation='457.1' floorThickness='12.0' height='243.8' elevationIndex='0'/>
  <level id='level2' name='Level 2' elevation='912.80005' floorThickness='12.0' height='243.84' elevationIndex='0'/>
  <level id='level3' name='Level 3' elevation='926.50006' floorThickness='12.0' height='243.84' elevationIndex='0'/>
  <doorOrWindow level='level0' catalogId='eTeks#serviceHatch' name='Service hatch' creator='eTeks' model='1/model.obj' x='-666.1865' y='2093.7063' angle='6.283185' width='30.0' depth='0.1' height='221.0' color='FFDDDDDD' movable='false'/>
  <doorOrWindow level='level0' catalogId='eTeks#serviceHatch' name='Service hatch' creator='eTeks' model='1/model.obj' x='11075.444' y='2209.0042' angle='6.283185' width='30.0' depth='0.1' height='221.0' color='FFDDDDDD' movable='false'/>
  <doorOrWindow level='level0' catalogId='eTeks#serviceHatch' name='Service hatch' creator='eTeks' model='1/model.obj' x='8508.811' y='5514.4097' angle='1.5707964' width='129.5' depth='38.10075' height='221.0' color='FFDDDDDD' movable='false'/>
  <pieceOfFurniture level='level1' catalogId='Puybaret#toitureArdoiseRouge' name='Red slate roof' creator='Emmanuel Puybaret' model='3/model.obj' x='8031.7505' y='6388.8813' elevation='2.5' width='1018.6377' depth='430.23193' height='108.96417'>
    <texture name='Square roof slates' creator='Scopia' width='150.0' height='150.0' image='4'/>
  </pieceOfFurniture>
  <doorOrWindow level='level0' catalogId='eTeks#serviceHatch' name='Service hatch' creator='eTeks' model='1/model.obj' x='7774.8477' y='5283.328' angle='0.0063774586' width='486.78497' depth='46.576206' height='402.51562' color='FFDDDDDD' movable='false'/>
  <pieceOfFurniture level='level1' catalogId='Puybaret#toitureArdoiseRouge' name='Red slate roof' creator='Emmanuel Puybaret' model='3/model.obj' x='6955.261' y='6380.8564' elevation='2.5' width='783.31885' depth='451.26562' height='108.96417'>
    <texture name='Square roof slates' creator='Scopia' width='150.0' height='150.0' image='4'/>
  </pieceOfFurniture>
  <doorOrWindow level='level0' catalogId='eTeks#serviceHatch' name='Service hatch' creator='eTeks' model='1/model.obj' x='4532.236' y='5457.8203' angle='1.5707964' width='129.5' depth='38.10075' height='221.0' color='FFDDDDDD' movable='false'/>
  <pieceOfFurniture level='level1' catalogId='Puybaret#toitureArdoiseRouge' name='Red slate roof' creator='Emmanuel Puybaret' model='3/model.obj' x='5021.9033' y='6367.0845' elevation='2.5' width='1040.8027' depth='446.24707' height='108.96417'>
    <texture name='Square roof slates' creator='Scopia' width='150.0' height='150.0' image='4'/>
  </pieceOfFurniture>
  <pieceOfFurniture level='level1' catalogId='Puybaret#toitureArdoiseRouge' name='Red slate roof' creator='Emmanuel Puybaret' model='3/model.obj' x='6104.517' y='6389.789' elevation='2.5' width='815.59326' depth='423.30957' height='108.96417'>
    <texture name='Square roof slates' creator='Scopia' width='150.0' height='150.0' image='4'/>
  </pieceOfFurniture>
  <pieceOfFurniture level='level3' catalogId='Puybaret#toitureArdoiseRouge' name='Red slate roof' creator='Emmanuel Puybaret' model='3/model.obj' x='4704.0234' y='4870.562' elevation='155.77661' angle='4.712389' width='814.0957' depth='258.33984' height='125.91577' modelMirrored='true'>
    <texture name='Square roof slates' creator='Scopia' catalogId='eTeksScopia#square-roof-slates' width='150.0' height='150.0' image='4'/>
  </pieceOfFurniture>
  <pieceOfFurniture level='level3' catalogId='Puybaret#toitureArdoiseRouge' name='Red slate roof' creator='Emmanuel Puybaret' model='3/model.obj' x='4957.1904' y='4862.962' elevation='143.45068' angle='1.5707964' width='826.7002' depth='242.55222' height='149.50732'>
    <texture name='Square roof slates' creator='Scopia' catalogId='eTeksScopia#square-roof-slates' width='150.0' height='150.0' image='4'/>
  </pieceOfFurniture>
  <pieceOfFurniture level='level3' catalogId='Puybaret#toitureArdoiseRouge' name='Red slate roof' creator='Emmanuel Puybaret' model='3/model.obj' x='5996.7627' y='4871.1978' elevation='143.45068' angle='1.5707964' width='826.7002' depth='242.55222' height='149.50732'>
    <texture name='Square roof slates' creator='Scopia' catalogId='eTeksScopia#square-roof-slates' width='150.0' height='150.0' image='4'/>
  </pieceOfFurniture>
  <pieceOfFurniture level='level3' catalogId='Puybaret#toitureArdoiseRouge' name='Red slate roof' creator='Emmanuel Puybaret' model='3/model.obj' x='5743.5957' y='4863.112' elevation='155.77661' angle='4.712389' width='814.0957' depth='258.33984' height='125.91577' modelMirrored='true'>
    <texture name='Square roof slates' creator='Scopia' catalogId='eTeksScopia#square-roof-slates' width='150.0' height='150.0' image='4'/>
  </pieceOfFurniture>
  <doorOrWindow level='level0' catalogId='eTeks#serviceHatch' name='Service hatch' creator='eTeks' model='1/model.obj' x='5849.818' y='5295.4854' angle='0.0063774586' width='486.78497' depth='46.576206' height='402.51562' color='FFDDDDDD' movable='false'/>
  <doorOrWindow level='level0' catalogId='eTeks#serviceHatch' name='Service hatch' creator='eTeks' model='1/model.obj' x='6818.804' y='5280.1924' angle='0.0063774586' width='486.78497' depth='46.576206' height='402.51562' color='FFDDDDDD' movable='false'/>
  <doorOrWindow level='level0' catalogId='eTeks#serviceHatch' name='Service hatch' creator='eTeks' model='1/model.obj' x='4811.0312' y='5295.878' angle='0.0063774586' width='486.78497' depth='46.576206' height='402.51562' color='FFDDDDDD' movable='false'/>
  <doorOrWindow level='level0' catalogId='eTeks#serviceHatch' name='Service hatch' creator='eTeks' model='1/model.obj' x='8552.466' y='7827.062' angle='1.5707964' width='129.5' depth='38.10075' height='221.0' color='FFDDDDDD' movable='false'/>
  <doorOrWindow level='level0' catalogId='eTeks#serviceHatch' name='Service hatch' creator='eTeks' model='1/model.obj' x='7771.3086' y='7595.9805' angle='0.0063774586' width='486.78497' depth='46.576206' height='402.51562' color='FFDDDDDD' movable='false'/>
  <doorOrWindow level='level0' catalogId='eTeks#serviceHatch' name='Service hatch' creator='eTeks' model='1/model.obj' x='4528.697' y='7770.4727' angle='1.5707964' width='129.5' depth='38.10075' height='221.0' color='FFDDDDDD' movable='false'/>
  <doorOrWindow level='level0' catalogId='eTeks#serviceHatch' name='Service hatch' creator='eTeks' model='1/model.obj' x='5846.279' y='7608.1377' angle='0.0063774586' width='486.78497' depth='46.576206' height='402.51562' color='FFDDDDDD' movable='false'/>
  <doorOrWindow level='level0' catalogId='eTeks#serviceHatch' name='Service hatch' creator='eTeks' model='1/model.obj' x='6815.265' y='7592.8447' angle='0.0063774586' width='486.78497' depth='46.576206' height='402.51562' color='FFDDDDDD' movable='false'/>
  <doorOrWindow level='level0' catalogId='eTeks#serviceHatch' name='Service hatch' creator='eTeks' model='1/model.obj' x='4807.492' y='7608.5303' angle='0.0063774586' width='486.78497' depth='46.576206' height='402.51562' color='FFDDDDDD' movable='false'/>
  <pieceOfFurniture level='level3' catalogId='Puybaret#toitureArdoiseRouge' name='Red slate roof' creator='Emmanuel Puybaret' model='3/model.obj' x='4713.175' y='7173.1104' elevation='155.77661' angle='4.712389' width='814.0957' depth='258.33984' height='125.91577' modelMirrored='true'>
    <texture name='Square roof slates' creator='Scopia' catalogId='eTeksScopia#square-roof-slates' width='150.0' height='150.0' image='4'/>
  </pieceOfFurniture>
  <pieceOfFurniture level='level3' catalogId='Puybaret#toitureArdoiseRouge' name='Red slate roof' creator='Emmanuel Puybaret' model='3/model.obj' x='4965.047' y='7173.874' elevation='143.45068' angle='1.5707964' width='826.7002' depth='242.55222' height='149.50732'>
    <texture name='Square roof slates' creator='Scopia' catalogId='eTeksScopia#square-roof-slates' width='150.0' height='150.0' image='4'/>
  </pieceOfFurniture>
  <pieceOfFurniture level='level3' catalogId='Puybaret#toitureArdoiseRouge' name='Red slate roof' creator='Emmanuel Puybaret' model='3/model.obj' x='6005.6406' y='7157.4443' elevation='143.45068' angle='1.5707964' width='826.7002' depth='242.55222' height='149.50732'>
    <texture name='Square roof slates' creator='Scopia' catalogId='eTeksScopia#square-roof-slates' width='150.0' height='150.0' image='4'/>
  </pieceOfFurniture>
  <pieceOfFurniture level='level3' catalogId='Puybaret#toitureArdoiseRouge' name='Red slate roof' creator='Emmanuel Puybaret' model='3/model.obj' x='6940.8296' y='7168.486' elevation='143.45068' angle='1.5707964' width='826.7002' depth='242.55222' height='149.50732'>
    <texture name='Square roof slates' creator='Scopia' catalogId='eTeksScopia#square-roof-slates' width='150.0' height='150.0' image='4'/>
  </pieceOfFurniture>
  <pieceOfFurniture level='level3' catalogId='Puybaret#toitureArdoiseRouge' name='Red slate roof' creator='Emmanuel Puybaret' model='3/model.obj' x='7972.465' y='7180.822' elevation='143.45068' angle='1.5707964' width='826.7002' depth='242.55222' height='149.50732'>
    <texture name='Square roof slates' creator='Scopia' catalogId='eTeksScopia#square-roof-slates' width='150.0' height='150.0' image='4'/>
  </pieceOfFurniture>
  <pieceOfFurniture level='level3' catalogId='Puybaret#toitureArdoiseRouge' name='Red slate roof' creator='Emmanuel Puybaret' model='3/model.obj' x='5751.179' y='7156.0854' elevation='155.77661' angle='4.712389' width='814.0957' depth='258.33984' height='125.91577' modelMirrored='true'>
    <texture name='Square roof slates' creator='Scopia' catalogId='eTeksScopia#square-roof-slates' width='150.0' height='150.0' image='4'/>
  </pieceOfFurniture>
  <pieceOfFurniture level='level3' catalogId='Puybaret#toitureArdoiseRouge' name='Red slate roof' creator='Emmanuel Puybaret' model='3/model.obj' x='6688.319' y='7172.901' elevation='155.77661' angle='4.712389' width='814.0957' depth='258.33984' height='125.91577' modelMirrored='true'>
    <texture name='Square roof slates' creator='Scopia' catalogId='eTeksScopia#square-roof-slates' width='150.0' height='150.0' image='4'/>
  </pieceOfFurniture>
  <pieceOfFurniture level='level3' catalogId='Puybaret#toitureArdoiseRouge' name='Red slate roof' creator='Emmanuel Puybaret' model='3/model.obj' x='7727.363' y='7176.9785' elevation='155.77661' angle='4.712389' width='814.0957' depth='258.33984' height='125.91577' modelMirrored='true'>
    <texture name='Square roof slates' creator='Scopia' catalogId='eTeksScopia#square-roof-slates' width='150.0' height='150.0' image='4'/>
  </pieceOfFurniture>
  <pieceOfFurniture level='level1' catalogId='Puybaret#toitureArdoiseRouge' name='Red slate roof' creator='Emmanuel Puybaret' model='3/model.obj' x='8029.942' y='8617.302' elevation='2.5' width='1020.8115' depth='373.69727' height='108.96417'>
    <texture name='Square roof slates' creator='Scopia' width='150.0' height='150.0' image='4'/>
  </pieceOfFurniture>
  <pieceOfFurniture level='level1' catalogId='Puybaret#toitureArdoiseRouge' name='Red slate roof' creator='Emmanuel Puybaret' model='3/model.obj' x='5031.9897' y='8607.528' elevation='2.5' width='1025.5835' depth='381.01465' height='108.96417'>
    <texture name='Square roof slates' creator='Scopia' width='150.0' height='150.0' image='4'/>
  </pieceOfFurniture>
  <pieceOfFurniture level='level1' catalogId='Puybaret#toitureArdoiseRouge' name='Red slate roof' creator='Emmanuel Puybaret' model='3/model.obj' x='6107.373' y='8613.925' elevation='2.5' width='819.9424' depth='377.64746' height='108.96417'>
    <texture name='Square roof slates' creator='Scopia' width='150.0' height='150.0' image='4'/>
  </pieceOfFurniture>
  <pieceOfFurniture level='level1' catalogId='Puybaret#toitureArdoiseRouge' name='Red slate roof' creator='Emmanuel Puybaret' model='3/model.obj' x='6963.883' y='8618.168' elevation='2.5' width='832.44824' depth='379.50977' height='108.96417'>
    <texture name='Square roof slates' creator='Scopia' width='150.0' height='150.0' image='4'/>
  </pieceOfFurniture>
  <doorOrWindow level='level0' catalogId='eTeks#serviceHatch' name='Service hatch' creator='eTeks' model='1/model.obj' x='8552.305' y='10049.728' angle='1.5707964' width='129.5' depth='38.10075' height='221.0' color='FFDDDDDD' movable='false'/>
  <doorOrWindow level='level0' catalogId='eTeks#serviceHatch' name='Service hatch' creator='eTeks' model='1/model.obj' x='7771.145' y='9818.646' angle='0.0063774586' width='486.78497' depth='46.576206' height='402.51562' color='FFDDDDDD' movable='false'/>
  <doorOrWindow level='level0' catalogId='eTeks#serviceHatch' name='Service hatch' creator='eTeks' model='1/model.obj' x='4528.534' y='9993.139' angle='1.5707964' width='129.5' depth='38.10075' height='221.0' color='FFDDDDDD' movable='false'/>
  <doorOrWindow level='level0' catalogId='eTeks#serviceHatch' name='Service hatch' creator='eTeks' model='1/model.obj' x='5846.116' y='9830.804' angle='0.0063774586' width='486.78497' depth='46.576206' height='402.51562' color='FFDDDDDD' movable='false'/>
  <doorOrWindow level='level0' catalogId='eTeks#serviceHatch' name='Service hatch' creator='eTeks' model='1/model.obj' x='6815.1025' y='9815.511' angle='0.0063774586' width='486.78497' depth='46.576206' height='402.51562' color='FFDDDDDD' movable='false'/>
  <doorOrWindow level='level0' catalogId='eTeks#serviceHatch' name='Service hatch' creator='eTeks' model='1/model.obj' x='4807.3296' y='9831.196' angle='0.0063774586' width='486.78497' depth='46.576206' height='402.51562' color='FFDDDDDD' movable='false'/>
  <pieceOfFurniture level='level1' catalogId='Puybaret#toitureArdoiseRouge' name='Red slate roof' creator='Emmanuel Puybaret' model='3/model.obj' x='5036.4463' y='10518.484' elevation='2.5' width='1037.5361' depth='279.4287' height='108.96417'>
    <texture name='Square roof slates' creator='Scopia' width='150.0' height='150.0' image='4'/>
  </pieceOfFurniture>
  <pieceOfFurniture level='level1' catalogId='Puybaret#toitureArdoiseRouge' name='Red slate roof' creator='Emmanuel Puybaret' model='3/model.obj' x='6094.5474' y='10527.155' elevation='2.5' width='796.03955' depth='288.0127' height='108.96417'>
    <texture name='Square roof slates' creator='Scopia' width='150.0' height='150.0' image='4'/>
  </pieceOfFurniture>
  <pieceOfFurniture level='level1' catalogId='Puybaret#toitureArdoiseRouge' name='Red slate roof' creator='Emmanuel Puybaret' model='3/model.obj' x='6945.166' y='10523.253' elevation='2.5' width='796.03955' depth='288.0127' height='108.96417'>
    <texture name='Square roof slates' creator='Scopia' width='150.0' height='150.0' image='4'/>
  </pieceOfFurniture>
  <pieceOfFurniture level='level1' catalogId='Puybaret#toitureArdoiseRouge' name='Red slate roof' creator='Emmanuel Puybaret' model='3/model.obj' x='8025.8486' y='10522.338' elevation='2.5' width='1017.1406' depth='270.08594' height='108.96417'>
    <texture name='Square roof slates' creator='Scopia' width='150.0' height='150.0' image='4'/>
  </pieceOfFurniture>
  <pieceOfFurniture level='level3' catalogId='Puybaret#toitureArdoiseRouge' name='Red slate roof' creator='Emmanuel Puybaret' model='3/model.obj' x='4713.2856' y='9387.536' elevation='155.77661' angle='4.712389' width='814.0957' depth='258.33984' height='125.91577' modelMirrored='true'>
    <texture name='Square roof slates' creator='Scopia' catalogId='eTeksScopia#square-roof-slates' width='150.0' height='150.0' image='4'/>
  </pieceOfFurniture>
  <pieceOfFurniture level='level3' catalogId='Puybaret#toitureArdoiseRouge' name='Red slate roof' creator='Emmanuel Puybaret' model='3/model.obj' x='4965.1577' y='9388.3' elevation='143.45068' angle='1.5707964' width='826.7002' depth='242.55222' height='149.50732'>
    <texture name='Square roof slates' creator='Scopia' catalogId='eTeksScopia#square-roof-slates' width='150.0' height='150.0' image='4'/>
  </pieceOfFurniture>
  <pieceOfFurniture level='level3' catalogId='Puybaret#toitureArdoiseRouge' name='Red slate roof' creator='Emmanuel Puybaret' model='3/model.obj' x='5744.66' y='9390.399' elevation='155.77661' angle='4.712389' width='814.0957' depth='258.33984' height='125.91577' modelMirrored='true'>
    <texture name='Square roof slates' creator='Scopia' catalogId='eTeksScopia#square-roof-slates' width='150.0' height='150.0' image='4'/>
  </pieceOfFurniture>
  <pieceOfFurniture level='level3' catalogId='Puybaret#toitureArdoiseRouge' name='Red slate roof' creator='Emmanuel Puybaret' model='3/model.obj' x='5999.1216' y='9391.759' elevation='143.45068' angle='1.5707964' width='826.7002' depth='242.55222' height='149.50732'>
    <texture name='Square roof slates' creator='Scopia' catalogId='eTeksScopia#square-roof-slates' width='150.0' height='150.0' image='4'/>
  </pieceOfFurniture>
  <pieceOfFurniture level='level3' catalogId='Puybaret#toitureArdoiseRouge' name='Red slate roof' creator='Emmanuel Puybaret' model='3/model.obj' x='6708.319' y='9387.326' elevation='155.77661' angle='4.712389' width='814.0957' depth='258.33984' height='125.91577' modelMirrored='true'>
    <texture name='Square roof slates' creator='Scopia' catalogId='eTeksScopia#square-roof-slates' width='150.0' height='150.0' image='4'/>
  </pieceOfFurniture>
  <pieceOfFurniture level='level3' catalogId='Puybaret#toitureArdoiseRouge' name='Red slate roof' creator='Emmanuel Puybaret' model='3/model.obj' x='6967.4595' y='9389.541' elevation='143.45068' angle='1.5707964' width='826.7002' depth='242.55222' height='149.50732'>
    <texture name='Square roof slates' creator='Scopia' catalogId='eTeksScopia#square-roof-slates' width='150.0' height='150.0' image='4'/>
  </pieceOfFurniture>
  <pieceOfFurniture level='level3' catalogId='Puybaret#toitureArdoiseRouge' name='Red slate roof' creator='Emmanuel Puybaret' model='3/model.obj' x='7707.5835' y='9378.145' elevation='155.77661' angle='4.712389' width='814.0957' depth='258.33984' height='125.91577' modelMirrored='true'>
    <texture name='Square roof slates' creator='Scopia' catalogId='eTeksScopia#square-roof-slates' width='150.0' height='150.0' image='4'/>
  </pieceOfFurniture>
  <pieceOfFurniture level='level3' catalogId='Puybaret#toitureArdoiseRouge' name='Red slate roof' creator='Emmanuel Puybaret' model='3/model.obj' x='7959.3164' y='9381.988' elevation='143.45068' angle='1.5707964' width='826.7002' depth='242.55222' height='149.50732'>
    <texture name='Square roof slates' creator='Scopia' catalogId='eTeksScopia#square-roof-slates' width='150.0' height='150.0' image='4'/>
  </pieceOfFurniture>
  <pieceOfFurniture level='level3' catalogId='Puybaret#toitureArdoiseRouge' name='Red slate roof' creator='Emmanuel Puybaret' model='3/model.obj' x='7934.18' y='4865.5786' elevation='130.00146' angle='1.5707964' width='826.7002' depth='242.55222' height='149.50732'>
    <texture name='Square roof slates' creator='Scopia' catalogId='eTeksScopia#square-roof-slates' width='150.0' height='150.0' image='4'/>
  </pieceOfFurniture>
  <pieceOfFurniture level='level3' catalogId='Puybaret#toitureArdoiseRouge' name='Red slate roof' creator='Emmanuel Puybaret' model='3/model.obj' x='7680.8423' y='4855.9956' elevation='107.386475' angle='4.712389' width='814.0957' depth='258.33984' height='174.83374' modelMirrored='true'>
    <texture name='Square roof slates' creator='Scopia' catalogId='eTeksScopia#square-roof-slates' width='150.0' height='150.0' image='4'/>
  </pieceOfFurniture>
  <pieceOfFurniture level='level3' catalogId='Puybaret#toitureArdoiseRouge' name='Red slate roof' creator='Emmanuel Puybaret' model='3/model.obj' x='6937.12' y='4870.412' elevation='143.45068' angle='1.5707964' width='826.7002' depth='242.55222' height='149.50732'>
    <texture name='Square roof slates' creator='Scopia' catalogId='eTeksScopia#square-roof-slates' width='150.0' height='150.0' image='4'/>
  </pieceOfFurniture>
  <pieceOfFurniture level='level3' catalogId='Puybaret#toitureArdoiseRouge' name='Red slate roof' creator='Emmanuel Puybaret' model='3/model.obj' x='6683.953' y='4870.169' elevation='155.77661' angle='4.712389' width='814.0957' depth='258.33984' height='125.91577' modelMirrored='true'>
    <texture name='Square roof slates' creator='Scopia' catalogId='eTeksScopia#square-roof-slates' width='150.0' height='150.0' image='4'/>
  </pieceOfFurniture>
  <doorOrWindow level='level0' catalogId='eTeks#serviceHatch' name='Service hatch' creator='eTeks' model='1/model.obj' x='8481.342' y='3334.692' angle='1.5707964' width='129.5' depth='38.10075' height='221.0' color='FFDDDDDD' movable='false'/>
  <doorOrWindow level='level0' catalogId='eTeks#serviceHatch' name='Service hatch' creator='eTeks' model='1/model.obj' x='7736.6406' y='3103.6099' angle='0.0063774586' width='486.80002' depth='46.576206' height='402.5' color='FFDDDDDD' movable='false'/>
  <doorOrWindow level='level0' catalogId='eTeks#serviceHatch' name='Service hatch' creator='eTeks' model='1/model.obj' x='4494.0293' y='3278.102' angle='1.5707964' width='129.5' depth='38.10075' height='221.0' color='FFDDDDDD' movable='false'/>
  <doorOrWindow level='level0' catalogId='eTeks#serviceHatch' name='Service hatch' creator='eTeks' model='1/model.obj' x='5811.6104' y='3115.767' angle='0.0063774586' width='486.80002' depth='46.576206' height='402.5' color='FFDDDDDD' movable='false'/>
  <doorOrWindow level='level0' catalogId='eTeks#serviceHatch' name='Service hatch' creator='eTeks' model='1/model.obj' x='6780.5977' y='3100.474' angle='0.0063774586' width='486.80002' depth='46.576206' height='402.5' color='FFDDDDDD' movable='false'/>
  <doorOrWindow level='level0' catalogId='eTeks#serviceHatch' name='Service hatch' creator='eTeks' model='1/model.obj' x='4772.824' y='3116.1597' angle='0.0063774586' width='486.80002' depth='46.576206' height='402.5' color='FFDDDDDD' movable='false'/>
  <pieceOfFurniture level='level1' catalogId='Puybaret#toitureArdoiseRouge' name='Red slate roof' creator='Emmanuel Puybaret' model='3/model.obj' x='7993.046' y='4124.646' elevation='2.5' width='1005.0' depth='370.0' height='109.0'>
    <texture name='Square roof slates' creator='Scopia' width='150.0' height='150.0' image='4'/>
  </pieceOfFurniture>
  <pieceOfFurniture level='level1' catalogId='Puybaret#toitureArdoiseRouge' name='Red slate roof' creator='Emmanuel Puybaret' model='3/model.obj' x='5014.0366' y='4117.282' elevation='2.5' width='1025.6' depth='381.0' height='109.0'>
    <texture name='Square roof slates' creator='Scopia' width='150.0' height='150.0' image='4'/>
  </pieceOfFurniture>
  <pieceOfFurniture level='level1' catalogId='Puybaret#toitureArdoiseRouge' name='Red slate roof' creator='Emmanuel Puybaret' model='3/model.obj' x='6051.802' y='4115.83' elevation='2.5' width='785.0' depth='375.0' height='109.0'>
    <texture name='Square roof slates' creator='Scopia' width='150.0' height='150.0' image='4'/>
  </pieceOfFurniture>
  <pieceOfFurniture level='level1' catalogId='Puybaret#toitureArdoiseRouge' name='Red slate roof' creator='Emmanuel Puybaret' model='3/model.obj' x='6916.971' y='4130.6763' elevation='2.5' width='810.0' depth='380.0' height='109.0'>
    <texture name='Square roof slates' creator='Scopia' width='150.0' height='150.0' image='4'/>
  </pieceOfFurniture>
  <pieceOfFurniture level='level3' catalogId='Puybaret#toitureArdoiseRouge' name='Red slate roof' creator='Emmanuel Puybaret' model='3/model.obj' x='4652.241' y='2695.792' elevation='155.8' angle='4.712389' width='814.10004' depth='258.30002' height='125.9' modelMirrored='true'>
    <texture name='Square roof slates' creator='Scopia' catalogId='eTeksScopia#square-roof-slates' width='150.0' height='150.0' image='4'/>
  </pieceOfFurniture>
  <pieceOfFurniture level='level3' catalogId='Puybaret#toitureArdoiseRouge' name='Red slate roof' creator='Emmanuel Puybaret' model='3/model.obj' x='4904.1133' y='2696.5557' elevation='143.5' angle='1.5707964' width='826.7' depth='242.6' height='149.5'>
    <texture name='Square roof slates' creator='Scopia' catalogId='eTeksScopia#square-roof-slates' width='150.0' height='150.0' image='4'/>
  </pieceOfFurniture>
  <pieceOfFurniture level='level3' catalogId='Puybaret#toitureArdoiseRouge' name='Red slate roof' creator='Emmanuel Puybaret' model='3/model.obj' x='5944.707' y='2680.126' elevation='143.5' angle='1.5707964' width='826.7' depth='242.6' height='149.5'>
    <texture name='Square roof slates' creator='Scopia' catalogId='eTeksScopia#square-roof-slates' width='150.0' height='150.0' image='4'/>
  </pieceOfFurniture>
  <pieceOfFurniture level='level3' catalogId='Puybaret#toitureArdoiseRouge' name='Red slate roof' creator='Emmanuel Puybaret' model='3/model.obj' x='6879.8955' y='2691.1675' elevation='143.5' angle='1.5707964' width='826.7' depth='242.6' height='149.5'>
    <texture name='Square roof slates' creator='Scopia' catalogId='eTeksScopia#square-roof-slates' width='150.0' height='150.0' image='4'/>
  </pieceOfFurniture>
  <pieceOfFurniture level='level3' catalogId='Puybaret#toitureArdoiseRouge' name='Red slate roof' creator='Emmanuel Puybaret' model='3/model.obj' x='7911.5312' y='2703.5034' elevation='143.5' angle='1.5707964' width='826.7' depth='242.6' height='149.5'>
    <texture name='Square roof slates' creator='Scopia' catalogId='eTeksScopia#square-roof-slates' width='150.0' height='150.0' image='4'/>
  </pieceOfFurniture>
  <pieceOfFurniture level='level3' catalogId='Puybaret#toitureArdoiseRouge' name='Red slate roof' creator='Emmanuel Puybaret' model='3/model.obj' x='5690.246' y='2678.767' elevation='155.8' angle='4.712389' width='814.10004' depth='258.30002' height='125.9' modelMirrored='true'>
    <texture name='Square roof slates' creator='Scopia' catalogId='eTeksScopia#square-roof-slates' width='150.0' height='150.0' image='4'/>
  </pieceOfFurniture>
  <pieceOfFurniture level='level3' catalogId='Puybaret#toitureArdoiseRouge' name='Red slate roof' creator='Emmanuel Puybaret' model='3/model.obj' x='6627.3857' y='2695.5825' elevation='155.8' angle='4.712389' width='814.10004' depth='258.30002' height='125.9' modelMirrored='true'>
    <texture name='Square roof slates' creator='Scopia' catalogId='eTeksScopia#square-roof-slates' width='150.0' height='150.0' image='4'/>
  </pieceOfFurniture>
  <pieceOfFurniture level='level3' catalogId='Puybaret#toitureArdoiseRouge' name='Red slate roof' creator='Emmanuel Puybaret' model='3/model.obj' x='7666.4287' y='2699.6602' elevation='155.8' angle='4.712389' width='814.10004' depth='258.30002' height='125.9' modelMirrored='true'>
    <texture name='Square roof slates' creator='Scopia' catalogId='eTeksScopia#square-roof-slates' width='150.0' height='150.0' image='4'/>
  </pieceOfFurniture>
</home>