<?xml version='1.0'?>
<home version='6000' exportFlags='27' name='BasicPlan1_Fullsite_Roman.sh3d' structure='HomeStructure/Home.obj' camera='topCamera' selectedLevel='level3'>
  <environment groundColor='FFC9C9C9' skyColor='00CCE4FC' lightColor='00ADADAD'/>
  <observerCamera attribute='observerCamera' lens='PINHOLE' x='13625.065' y='7097.9985' z='1303.1486' yaw='8.111732' pitch='0.14634925' fieldOfView='1.0995575' time='1552219200000' fixedSize='true'/>
  <camera attribute='topCamera' lens='PINHOLE' x='21862.752' y='19612.14' z='11275.833' yaw='-22.891487' pitch='0.46500158' fieldOfView='1.0995575' time='1552219200000'/>
  <level id='level0' name='Level 0' elevation='0.0' floorThickness='12.0' height='243.84' elevationIndex='0'/>
  <level id='level1' name='Level 1' elevation='457.1' floorThickness='12.0' height='243.8' elevationIndex='0'/>
  <level id='level2' name='Level 2' elevation='912.80005' floorThickness='12.0' height='243.84' elevationIndex='0'/>
  <level id='level3' name='Level 3' elevation='926.50006' floorThickness='12.0' height='243.84' elevationIndex='0'/>
  <doorOrWindow level='level0' catalogId='eTeks#doorFrame' name='Door frame' creator='eTeks' model='1/model.obj' x='7792.4873' y='3952.788' angle='6.283185' width='125.700005' depth='9.678149' height='208.3' movable='false'/>
  <doorOrWindow level='level0' catalogId='eTeks#doorFrame' name='Door frame' creator='eTeks' model='1/model.obj' x='8192.693' y='4134.91' angle='6.283185' width='88.9' depth='9.678149' height='208.3' movable='false'/>
  <pieceOfFurniture level='level0' catalogId='LucaPresidente#mensolaAzzurra' name='Blue shelf' creator='LucaPresidente' model='4/mensolaAzzurra.obj' x='8244.268' y='4041.8545' elevation='241.3' angle='6.283185' width='162.6' depth='144.8' height='5.1' color='FFA2956E' modelRotation='0 0 1 0 1 0 -1 0 0'/>
  <doorOrWindow level='level0' catalogId='eTeks#serviceHatch' name='Service hatch' creator='eTeks' model='6/model.obj' x='7411.746' y='3097.1292' angle='3.1415925' width='208.3' depth='30.48' height='221.0' color='FFDDDDDD' movable='false'/>
  <doorOrWindow level='level0' catalogId='eTeks#serviceHatch' name='Service hatch' creator='eTeks' model='6/model.obj' x='6984.1387' y='3093.3186' angle='6.283185' width='177.8' depth='38.10075' height='221.0' color='FFDDDDDD' movable='false'/>
  <doorOrWindow level='level0' catalogId='eTeks#serviceHatch' name='Service hatch' creator='eTeks' model='6/model.obj' x='6560.2744' y='3093.3186' angle='3.1415925' width='132.1' depth='38.10075' height='221.0' color='FFDDDDDD' movable='false'/>
  <doorOrWindow level='level0' catalogId='eTeks#serviceHatch' name='Service hatch' creator='eTeks' model='6/model.obj' x='6187.803' y='3093.3186' angle='6.283185' width='114.3' depth='38.10075' height='221.0' color='FFDDDDDD' movable='false'/>
  <doorOrWindow level='level0' catalogId='eTeks#serviceHatch' name='Service hatch' creator='eTeks' model='6/model.obj' x='6562.9004' y='2738.0073' angle='6.283185' width='132.1' depth='38.10075' height='221.0' color='FFDDDDDD' movable='false'/>
  <doorOrWindow level='level0' catalogId='eTeks#serviceHatch' name='Service hatch' creator='eTeks' model='6/model.obj' x='6175.7266' y='2738.0073' angle='6.283185' width='114.3' depth='38.10075' height='221.0' color='FFDDDDDD' movable='false'/>
  <doorOrWindow level='level0' catalogId='eTeks#serviceHatch' name='Service hatch' creator='eTeks' model='6/model.obj' x='7663.9707' y='3344.6653' angle='1.5707964' width='208.3' depth='38.10075' height='221.0' color='FFDDDDDD' movable='false'/>
  <doorOrWindow level='level0' catalogId='eTeks#serviceHatch' name='Service hatch' creator='eTeks' model='6/model.obj' x='7663.9707' y='3811.14' angle='4.712389' width='152.40001' depth='38.10075' height='221.0' color='FFDDDDDD' movable='false'/>
  <doorOrWindow level='level0' catalogId='eTeks#serviceHatch' name='Service hatch' creator='eTeks' model='6/model.obj' x='7663.9707' y='4037.4365' angle='4.712389' width='119.4' depth='38.10075' height='221.0' color='FFDDDDDD' movable='false'/>
  <doorOrWindow level='level0' catalogId='eTeks#serviceHatch' name='Service hatch' creator='eTeks' model='6/model.obj' x='7663.9707' y='4226.8516' angle='1.5707964' width='129.5' depth='38.10075' height='221.0' color='FFDDDDDD' movable='false'/>
  <doorOrWindow level='level0' catalogId='eTeks#serviceHatch' name='Service hatch' creator='eTeks' model='6/model.obj' x='8348.973' y='4224.7676' angle='1.5707964' width='129.5' depth='38.10075' height='221.0' color='FFDDDDDD' movable='false'/>
  <doorOrWindow level='level0' catalogId='eTeks#serviceHatch' name='Service hatch' creator='eTeks' model='6/model.obj' x='8138.951' y='3818.7063' angle='4.712389' width='116.8' depth='38.10075' height='221.0' color='FFDDDDDD' movable='false'/>
  <doorOrWindow level='level0' catalogId='eTeks#serviceHatch' name='Service hatch' creator='eTeks' model='6/model.obj' x='6377.2627' y='3605.2686' angle='4.712389' width='152.40001' depth='38.10075' height='221.0' color='FFDDDDDD' movable='false'/>
  <pieceOfFurniture level='level0' name='Threshold' model='8/model.obj' x='7664.134' y='3804.931' angle='4.712389' width='166.40001' depth='36.8' height='32.4' color='FFA8A8A8'/>
  <pieceOfFurniture level='level0' name='Threshold' model='8/model.obj' x='7664.6523' y='4228.799' angle='4.712389' width='133.3' depth='39.4' height='32.4' color='FFA8A8A8'/>
  <pieceOfFurniture level='level0' name='Threshold' model='8/model.obj' x='7663.34' y='3335.47' angle='4.712389' width='223.5' depth='36.8' height='32.4' color='FFA8A8A8'/>
  <pieceOfFurniture level='level0' name='Threshold' model='8/model.obj' x='7663.205' y='4040.371' angle='1.5707964' width='128.3' depth='34.3' height='32.4' color='FFA8A8A8'/>
  <pieceOfFurniture level='level0' name='Simple Steps' model='10/model.obj' x='8050.118' y='4043.043' elevation='104.1' angle='0.7853982' width='193.0' depth='188.0' height='109.200005'/>
  <pieceOfFurniture level='level0' name='Simple Steps' model='10/model.obj' x='8139.914' y='4045.9219' elevation='142.2' angle='0.7853982' width='193.0' depth='188.0' height='101.6'/>
  <pieceOfFurniture level='level0' name='Simple Steps' model='10/model.obj' x='8245.402' y='3916.6611' elevation='226.1' angle='5.497787' width='208.3' depth='203.2' height='91.4'/>
  <pieceOfFurniture level='level0' name='Simple Steps' model='10/model.obj' x='8245.648' y='3804.9592' elevation='320.0' angle='5.497787' width='208.3' depth='203.2' height='91.4'/>
  <pieceOfFurniture level='level0' name='Simple Steps' model='10/model.obj' x='7936.6133' y='4046.833' angle='0.7853982' width='193.0' depth='188.0' height='109.200005'/>
  <pieceOfFurniture level='level0' name='Simple Steps' model='10/model.obj' x='8247.574' y='3721.6826' elevation='363.2' angle='5.497787' width='208.3' depth='203.2' height='91.4'/>
  <furnitureGroup level='level0' name='Group -2-' x='7019.5356' y='3705.896' angle='6.283185' width='696.94727' depth='668.5576' height='447.03998'>
    <pieceOfFurniture level='level0' name='MyCustomPillar' model='12/Untitled.obj' x='7333.079' y='3402.8232' elevation='27.940002' angle='6.283185' width='57.150005' depth='59.531258' height='419.09998' color='FFE6E6E6'/>
    <pieceOfFurniture level='level0' name='MyCustomPillar' model='12/Untitled.obj' x='7022.342' y='3403.3672' elevation='24.130005' angle='6.283185' width='60.96' depth='63.5' height='419.09998' color='FFE6E6E6'/>
    <pieceOfFurniture level='level0' name='MyCustomPillar' model='12/Untitled.obj' x='6706.6104' y='3407.5537' elevation='13.970001' angle='6.283185' width='60.96' depth='63.5' height='419.09998' color='FFE6E6E6'/>
    <pieceOfFurniture level='level0' name='MyCustomPillar' model='12/Untitled.obj' x='6701.542' y='3702.224' elevation='27.940002' angle='6.283185' width='60.96' depth='63.5' height='419.09998' color='FFE6E6E6'/>
    <pieceOfFurniture level='level0' name='MyCustomPillar' model='12/Untitled.obj' x='6703.95' y='4000.4424' elevation='27.940002' angle='6.283185' width='60.96' depth='63.5' height='419.09998' color='FFE6E6E6'/>
    <pieceOfFurniture level='level0' name='MyCustomPillar' model='12/Untitled.obj' x='7036.5586' y='4008.4248' elevation='25.399994' angle='6.283185' width='60.96' depth='63.5' height='419.09998' color='FFE6E6E6'/>
    <pieceOfFurniture level='level0' name='MyCustomPillar' model='12/Untitled.obj' x='7335.037' y='3997.9912' elevation='27.940002' angle='6.283185' width='60.96' depth='63.5' height='419.09998' color='FFE6E6E6'/>
    <pieceOfFurniture level='level0' name='MyCustomPillar' model='12/Untitled.obj' x='7337.5293' y='3677.3447' elevation='24.130005' angle='6.283185' width='60.96' depth='63.5' height='419.09998' color='FFE6E6E6'/>
    <pieceOfFurniture level='level0' name='Threshold' model='8/model.obj' x='7336.0137' y='3829.429' angle='4.712389' width='190.5' depth='48.26' height='32.385' color='FFE6E6E6'/>
    <pieceOfFurniture level='level0' name='Threshold' model='8/model.obj' x='7336.4385' y='3678.9346' angle='1.5707963' width='130.81' depth='52.07' height='32.385' color='FFE6E6E6'/>
    <pieceOfFurniture level='level0' name='Threshold' model='8/model.obj' x='7335.379' y='3967.8594' angle='1.5707963' width='116.84' depth='48.26' height='32.385' color='FFE6E6E6'/>
    <pieceOfFurniture level='level0' name='Threshold' model='8/model.obj' x='7178.3926' y='4006.1162' angle='6.283185' width='262.88998' depth='49.53' height='32.385' color='FFE6E6E6'/>
    <pieceOfFurniture level='level0' name='Threshold' model='8/model.obj' x='6887.258' y='4006.9824' angle='6.283185' width='316.22998' depth='52.07' height='32.385' color='FFE6E6E6'/>
    <pieceOfFurniture level='level0' name='Threshold' model='8/model.obj' x='6702.9473' y='3881.912' angle='4.712389' width='297.18' depth='58.42' height='32.385' color='FFE6E6E6'/>
    <pieceOfFurniture level='level0' name='Threshold' model='8/model.obj' x='6705.419' y='3556.6143' angle='1.5707963' width='355.6' depth='64.77' height='32.385' color='FFE6E6E6'/>
    <pieceOfFurniture level='level0' name='Threshold' model='8/model.obj' x='6822.745' y='3403.6084' angle='3.1415925' width='193.04' depth='43.18' height='32.385' color='FFE6E6E6'/>
    <pieceOfFurniture level='level0' name='Threshold' model='8/model.obj' x='6982.8623' y='3401.9385' angle='6.283185' width='127.0' depth='45.72' height='32.385' color='FFE6E6E6'/>
    <pieceOfFurniture level='level0' name='Threshold' model='8/model.obj' x='7090.8115' y='3401.5352' angle='6.283185' width='88.9' depth='45.72' height='32.385' color='FFE6E6E6'/>
    <pieceOfFurniture level='level0' name='Threshold' model='8/model.obj' x='7336.9746' y='3496.835' angle='4.712389' width='233.68' depth='48.26' height='32.385' color='FFE6E6E6'/>
    <pieceOfFurniture level='level0' name='Threshold' model='8/model.obj' x='7222.4746' y='3403.9756' angle='6.283185' width='179.06999' depth='49.53' height='32.385' color='FFE6E6E6'/>
  </furnitureGroup>
  <furnitureGroup level='level0' name='Group -1-' x='7017.134' y='3706.6377' elevation='30.5' angle='4.712389' width='686.36523' depth='710.0596' height='420.68747'>
    <pieceOfFurniture level='level0' name='Threshold' model='8/model.obj' x='6702.628' y='3708.5342' elevation='447.05997' angle='4.712389' width='63.5' depth='67.46875' height='3.96875' color='FF700031'/>
    <pieceOfFurniture level='level0' name='Threshold' model='8/model.obj' x='6705.1104' y='3414.436' elevation='447.05997' angle='4.712389' width='63.5' depth='67.6275' height='4.1275' color='FF700031'/>
    <pieceOfFurniture level='level0' name='Threshold' model='8/model.obj' x='7023.8115' y='3395.205' elevation='447.05997' angle='4.712389' width='63.5' depth='67.6275' height='4.1275' color='FF700031'/>
    <pieceOfFurniture level='level0' name='Threshold' model='8/model.obj' x='7328.542' y='3410.6416' elevation='447.05997' angle='4.712389' width='63.5' depth='67.6275' height='4.1275' color='FF700031'/>
    <pieceOfFurniture level='level0' name='Threshold' model='8/model.obj' x='7338.3496' y='3683.0146' elevation='447.05997' angle='4.712389' width='63.5' depth='67.6275' height='4.1275' color='FF700031'/>
    <pieceOfFurniture level='level0' name='Threshold' model='8/model.obj' x='7329.128' y='4004.6396' elevation='447.05997' angle='4.712389' width='63.5' depth='67.6275' height='4.1275' color='FF700031'/>
    <pieceOfFurniture level='level0' name='Threshold' model='8/model.obj' x='7039.1963' y='4018.0703' elevation='447.05997' angle='4.712389' width='63.5' depth='67.6275' height='4.1275' color='FF700031'/>
    <pieceOfFurniture level='level0' name='Threshold' model='8/model.obj' x='6695.918' y='4003.0342' elevation='447.05997' angle='4.712389' width='63.5' depth='67.6275' height='4.1275' color='FF700031'/>
    <pieceOfFurniture level='level0' name='pozo' model='14/pozo.obj' x='6708.0244' y='3542.6812' elevation='30.5' angle='1.7484555E-7' width='68.58' depth='63.1825' height='35.8775'/>
  </furnitureGroup>
  <doorOrWindow level='level1' catalogId='eTeks#serviceHatch' name='Service hatch' creator='eTeks' model='6/model.obj' x='7431.983' y='3098.1755' width='208.3' depth='38.10075' height='221.0' color='FFDDDDDD' movable='false'/>
  <doorOrWindow level='level1' catalogId='eTeks#serviceHatch' name='Service hatch' creator='eTeks' model='6/model.obj' x='6994.5376' y='3098.1755' width='177.8' depth='38.10075' height='221.0' color='FFDDDDDD' movable='false'/>
  <doorOrWindow level='level1' catalogId='eTeks#serviceHatch' name='Service hatch' creator='eTeks' model='6/model.obj' x='6570.6694' y='3098.1755' angle='3.1415927' width='132.1' depth='38.10075' height='221.0' color='FFDDDDDD' movable='false'/>
  <doorOrWindow level='level1' catalogId='eTeks#serviceHatch' name='Service hatch' creator='eTeks' model='6/model.obj' x='6198.195' y='3098.1755' width='114.3' depth='38.10075' height='221.0' color='FFDDDDDD' movable='false'/>
  <doorOrWindow level='level1' catalogId='eTeks#serviceHatch' name='Service hatch' creator='eTeks' model='6/model.obj' x='6573.2944' y='2742.8645' width='132.1' depth='38.10075' height='221.0' color='FFDDDDDD' movable='false'/>
  <doorOrWindow level='level1' catalogId='eTeks#serviceHatch' name='Service hatch' creator='eTeks' model='6/model.obj' x='6186.1177' y='2742.8645' width='114.3' depth='38.10075' height='221.0' color='FFDDDDDD' movable='false'/>
  <doorOrWindow level='level1' catalogId='eTeks#serviceHatch' name='Service hatch' creator='eTeks' model='6/model.obj' x='7674.3765' y='3349.5225' angle='1.5707964' width='208.3' depth='38.10075' height='221.0' color='FFA8A8A8' movable='false'/>
  <doorOrWindow level='level1' catalogId='eTeks#serviceHatch' name='Service hatch' creator='eTeks' model='6/model.obj' x='7674.3765' y='3815.9978' angle='4.712389' width='152.40001' depth='38.10075' height='221.0' color='FFDDDDDD' movable='false'/>
  <doorOrWindow level='level1' catalogId='eTeks#serviceHatch' name='Service hatch' creator='eTeks' model='6/model.obj' x='7674.3765' y='4231.711' angle='1.5707964' width='129.5' depth='38.10075' height='221.0' color='FFDDDDDD' movable='false'/>
  <doorOrWindow level='level1' catalogId='eTeks#serviceHatch' name='Service hatch' creator='eTeks' model='6/model.obj' x='6387.656' y='3610.126' angle='4.712389' width='152.40001' depth='38.10075' height='221.0' color='FFDDDDDD' movable='false'/>
  <pieceOfFurniture level='level1' name='Simple Steps' model='10/model.obj' x='6529.644' y='3721.6013' elevation='188.0' angle='5.497787' width='0.3' depth='0.3' height='101.9'/>
  <doorOrWindow level='level1' catalogId='eTeks#serviceHatch' name='Service hatch' creator='eTeks' model='6/model.obj' x='8265.28' y='3648.3696' width='152.40001' depth='38.10075' height='221.0' color='FFDDDDDD' movable='false'/>
  <furnitureGroup level='level1' name='Second floor' x='7026.105' y='3727.1177' width='696.2744' depth='681.95435' height='360.67996'>
    <pieceOfFurniture level='level1' name='MyCustomPillar' model='12/Untitled.obj' x='6711.137' y='3729.739' width='60.96' depth='63.5' height='360.67996' color='FFE6E6E6'/>
    <pieceOfFurniture level='level1' name='MyCustomPillar' model='12/Untitled.obj' x='6708.4478' y='4022.0178' width='60.96' depth='63.5' height='360.67996' color='FFE6E6E6'/>
    <pieceOfFurniture level='level1' name='MyCustomPillar' model='12/Untitled.obj' x='7026.2524' y='4036.345' width='60.96' depth='63.5' height='360.67996' color='FFE6E6E6'/>
    <pieceOfFurniture level='level1' name='MyCustomPillar' model='12/Untitled.obj' x='7343.762' y='4024.8538' width='60.96' depth='63.5' height='360.67996' color='FFE6E6E6'/>
    <pieceOfFurniture level='level1' name='MyCustomPillar' model='12/Untitled.obj' x='7338.0884' y='3738.3943' width='60.96' depth='63.5' height='360.67996' color='FFE6E6E6'/>
    <pieceOfFurniture level='level1' name='MyCustomPillar' model='12/Untitled.obj' x='7343.5337' y='3427.0898' width='60.96' depth='63.5' height='360.67996' color='FFE6E6E6'/>
    <pieceOfFurniture level='level1' name='MyCustomPillar' model='12/Untitled.obj' x='7030.7466' y='3417.8906' width='60.96' depth='63.5' height='360.67996' color='FFE6E6E6'/>
    <pieceOfFurniture level='level1' name='MyCustomPillar' model='12/Untitled.obj' x='6713.222' y='3433.3584' width='60.96' depth='63.5' height='360.67996' color='FFE6E6E6'/>
  </furnitureGroup>
  <pieceOfFurniture level='level1' catalogId='Puybaret#toitureArdoiseRouge' name='Red slate roof' creator='Emmanuel Puybaret' model='16/model.obj' x='7495.1753' y='3782.035' elevation='365.80002' angle='4.712389' width='1211.6' depth='426.7' height='99.1'>
    <texture name='Square roof slates' creator='Scopia' width='150.0' height='150.0' image='17'/>
  </pieceOfFurniture>
  <pieceOfFurniture level='level1' catalogId='Puybaret#toitureArdoiseRouge' name='Red slate roof' creator='Emmanuel Puybaret' model='16/model.obj' x='7149.7007' y='3274.4333' elevation='358.1' angle='3.1415927' width='1068.501' depth='380.74503' height='144.8'>
    <texture name='Square roof slates' creator='Scopia' width='150.0' height='150.0' image='17'/>
  </pieceOfFurniture>
  <pieceOfFurniture level='level1' catalogId='Puybaret#toitureArdoiseRouge' name='Red slate roof' creator='Emmanuel Puybaret' model='16/model.obj' x='6517.0303' y='3754.8848' elevation='472.4' angle='1.5707964' width='1297.9' depth='335.30002' height='129.5'>
    <texture name='Square roof slates' creator='Scopia' width='150.0' height='150.0' image='17'/>
  </pieceOfFurniture>
  <pieceOfFurniture level='level1' catalogId='Puybaret#toitureArdoiseRouge' name='Red slate roof' creator='Emmanuel Puybaret' model='16/model.obj' x='7003.969' y='4202.831' elevation='373.4' width='640.0' depth='330.0' height='227.5'>
    <texture name='Square roof slates' creator='Scopia' width='150.0' height='150.0' image='17'/>
  </pieceOfFurniture>
  <pieceOfFurniture level='level2' catalogId='Puybaret#toitureArdoiseRouge' name='Red slate roof' creator='Emmanuel Puybaret' model='16/model.obj' x='7178.6143' y='2399.6372' elevation='2.5' width='2325.4001' depth='482.30002' height='236.2'>
    <texture name='Square roof slates' creator='Scopia' width='150.0' height='150.0' image='17'/>
  </pieceOfFurniture>
  <pieceOfFurniture level='level2' catalogId='Puybaret#toitureArdoiseRouge' name='Red slate roof' creator='Emmanuel Puybaret' model='16/model.obj' x='7177.958' y='2869.4343' elevation='2.5' angle='3.1415927' width='2325.1' depth='482.30002' height='236.2'>
    <texture name='Square roof slates' creator='Scopia' width='150.0' height='150.0' image='17'/>
  </pieceOfFurniture>
  <pieceOfFurniture level='level2' catalogId='Puybaret#toitureArdoiseRouge' name='Red slate roof' creator='Emmanuel Puybaret' model='16/model.obj' x='6176.4985' y='3759.506' angle='4.712389' width='1300.5' depth='406.4' height='153.0' modelMirrored='true'>
    <texture name='Square roof slates' creator='Scopia' width='150.0' height='150.0' image='17'/>
  </pieceOfFurniture>
  <pieceOfFurniture level='level2' catalogId='Puybaret#toitureArdoiseRouge' name='Red slate roof' creator='Emmanuel Puybaret' model='16/model.obj' x='7872.186' y='3737.9045' angle='4.712389' width='1300.5' depth='406.4' height='153.0' modelMirrored='true'>
    <texture name='Square roof slates' creator='Scopia' width='150.0' height='150.0' image='17'/>
  </pieceOfFurniture>
  <pieceOfFurniture level='level2' catalogId='Puybaret#toitureArdoiseRouge' name='Red slate roof' creator='Emmanuel Puybaret' model='16/model.obj' x='8208.947' y='3741.4807' angle='1.5707964' width='1297.9' depth='335.30002' height='153.0'>
    <texture name='Square roof slates' creator='Scopia' width='150.0' height='150.0' image='17'/>
  </pieceOfFurniture>
  <doorOrWindow level='level0' catalogId='eTeks#serviceHatch' name='Service hatch' creator='eTeks' model='6/model.obj' x='-666.1865' y='2093.7063' angle='6.283185' width='30.0' depth='0.1' height='221.0' color='FFDDDDDD' movable='false'/>
  <doorOrWindow level='level0' catalogId='eTeks#serviceHatch' name='Service hatch' creator='eTeks' model='6/model.obj' x='11075.444' y='2209.0042' angle='6.283185' width='30.0' depth='0.1' height='221.0' color='FFDDDDDD' movable='false'/>
  <doorOrWindow level='level0' catalogId='eTeks#serviceHatch' name='Service hatch' creator='eTeks' model='6/model.obj' x='8469.617' y='5514.4097' angle='1.5707964' width='129.5' depth='38.10075' height='221.0' color='FFDDDDDD' movable='false'/>
  <pieceOfFurniture level='level1' catalogId='Puybaret#toitureArdoiseRouge' name='Red slate roof' creator='Emmanuel Puybaret' model='16/model.obj' x='7982.227' y='6388.8813' elevation='2.5' width='1018.6377' depth='430.23193' height='108.96417'>
    <texture name='Square roof slates' creator='Scopia' width='150.0' height='150.0' image='17'/>
  </pieceOfFurniture>
  <doorOrWindow level='level0' catalogId='eTeks#serviceHatch' name='Service hatch' creator='eTeks' model='6/model.obj' x='7735.653' y='5283.328' angle='0.0063774586' width='486.78497' depth='46.576206' height='402.51562' color='FFDDDDDD' movable='false'/>
  <pieceOfFurniture level='level1' catalogId='Puybaret#toitureArdoiseRouge' name='Red slate roof' creator='Emmanuel Puybaret' model='16/model.obj' x='6905.738' y='6380.8564' elevation='2.5' width='783.31885' depth='451.26562' height='108.96417'>
    <texture name='Square roof slates' creator='Scopia' width='150.0' height='150.0' image='17'/>
  </pieceOfFurniture>
  <doorOrWindow level='level0' catalogId='eTeks#serviceHatch' name='Service hatch' creator='eTeks' model='6/model.obj' x='4493.041' y='5457.8203' angle='1.5707964' width='129.5' depth='38.10075' height='221.0' color='FFDDDDDD' movable='false'/>
  <pieceOfFurniture level='level1' catalogId='Puybaret#toitureArdoiseRouge' name='Red slate roof' creator='Emmanuel Puybaret' model='16/model.obj' x='4986.9785' y='6368.961' elevation='2.5' width='1070.0' depth='450.0' height='108.96417'>
    <texture name='Square roof slates' creator='Scopia' width='150.0' height='150.0' image='17'/>
  </pieceOfFurniture>
  <pieceOfFurniture level='level1' catalogId='Puybaret#toitureArdoiseRouge' name='Red slate roof' creator='Emmanuel Puybaret' model='16/model.obj' x='6054.9937' y='6389.789' elevation='2.5' width='815.59326' depth='423.30957' height='108.96417'>
    <texture name='Square roof slates' creator='Scopia' width='150.0' height='150.0' image='17'/>
  </pieceOfFurniture>
  <pieceOfFurniture level='level3' catalogId='Puybaret#toitureArdoiseRouge' name='Red slate roof' creator='Emmanuel Puybaret' model='16/model.obj' x='4574.9106' y='4844.7173' elevation='155.77661' angle='4.712389' width='814.0957' depth='258.33984' height='125.91577' modelMirrored='true'>
    <texture name='Square roof slates' creator='Scopia' catalogId='eTeksScopia#square-roof-slates' width='150.0' height='150.0' image='17'/>
  </pieceOfFurniture>
  <pieceOfFurniture level='level3' catalogId='Puybaret#toitureArdoiseRouge' name='Red slate roof' creator='Emmanuel Puybaret' model='16/model.obj' x='4826.4546' y='4845.2324' elevation='143.45068' angle='1.5707964' width='826.7002' depth='242.55222' height='149.50732'>
    <texture name='Square roof slates' creator='Scopia' catalogId='eTeksScopia#square-roof-slates' width='150.0' height='150.0' image='17'/>
  </pieceOfFurniture>
  <pieceOfFurniture level='level3' catalogId='Puybaret#toitureArdoiseRouge' name='Red slate roof' creator='Emmanuel Puybaret' model='16/model.obj' x='5866.027' y='4853.4683' elevation='143.45068' angle='1.5707964' width='826.7002' depth='242.55222' height='149.50732'>
    <texture name='Square roof slates' creator='Scopia' catalogId='eTeksScopia#square-roof-slates' width='150.0' height='150.0' image='17'/>
  </pieceOfFurniture>
  <pieceOfFurniture level='level3' catalogId='Puybaret#toitureArdoiseRouge' name='Red slate roof' creator='Emmanuel Puybaret' model='16/model.obj' x='5612.86' y='4845.3823' elevation='155.77661' angle='4.712389' width='814.0957' depth='258.33984' height='125.91577' modelMirrored='true'>
    <texture name='Square roof slates' creator='Scopia' catalogId='eTeksScopia#square-roof-slates' width='150.0' height='150.0' image='17'/>
  </pieceOfFurniture>
  <doorOrWindow level='level0' catalogId='eTeks#serviceHatch' name='Service hatch' creator='eTeks' model='6/model.obj' x='5810.623' y='5295.4854' angle='0.0063774586' width='486.78497' depth='46.576206' height='402.51562' color='FFDDDDDD' movable='false'/>
  <doorOrWindow level='level0' catalogId='eTeks#serviceHatch' name='Service hatch' creator='eTeks' model='6/model.obj' x='6779.6094' y='5280.1924' angle='0.0063774586' width='486.78497' depth='46.576206' height='402.51562' color='FFDDDDDD' movable='false'/>
  <doorOrWindow level='level0' catalogId='eTeks#serviceHatch' name='Service hatch' creator='eTeks' model='6/model.obj' x='4771.8364' y='5295.878' angle='0.0063774586' width='486.78497' depth='46.576206' height='402.51562' color='FFDDDDDD' movable='false'/>
  <doorOrWindow level='level0' catalogId='eTeks#serviceHatch' name='Service hatch' creator='eTeks' model='6/model.obj' x='8513.272' y='7827.062' angle='1.5707964' width='129.5' depth='38.10075' height='221.0' color='FFDDDDDD' movable='false'/>
  <doorOrWindow level='level0' catalogId='eTeks#serviceHatch' name='Service hatch' creator='eTeks' model='6/model.obj' x='7732.114' y='7595.9805' angle='0.0063774586' width='486.78497' depth='46.576206' height='402.51562' color='FFDDDDDD' movable='false'/>
  <doorOrWindow level='level0' catalogId='eTeks#serviceHatch' name='Service hatch' creator='eTeks' model='6/model.obj' x='4489.502' y='7770.4727' angle='1.5707964' width='129.5' depth='38.10075' height='221.0' color='FFDDDDDD' movable='false'/>
  <doorOrWindow level='level0' catalogId='eTeks#serviceHatch' name='Service hatch' creator='eTeks' model='6/model.obj' x='5807.084' y='7608.1377' angle='0.0063774586' width='486.78497' depth='46.576206' height='402.51562' color='FFDDDDDD' movable='false'/>
  <doorOrWindow level='level0' catalogId='eTeks#serviceHatch' name='Service hatch' creator='eTeks' model='6/model.obj' x='6776.0703' y='7592.8447' angle='0.0063774586' width='486.78497' depth='46.576206' height='402.51562' color='FFDDDDDD' movable='false'/>
  <doorOrWindow level='level0' catalogId='eTeks#serviceHatch' name='Service hatch' creator='eTeks' model='6/model.obj' x='4768.2974' y='7608.5303' angle='0.0063774586' width='486.78497' depth='46.576206' height='402.51562' color='FFDDDDDD' movable='false'/>
  <pieceOfFurniture level='level3' catalogId='Puybaret#toitureArdoiseRouge' name='Red slate roof' creator='Emmanuel Puybaret' model='16/model.obj' x='4606.798' y='7155.381' elevation='155.77661' angle='4.712389' width='814.0957' depth='258.33984' height='125.91577' modelMirrored='true'>
    <texture name='Square roof slates' creator='Scopia' catalogId='eTeksScopia#square-roof-slates' width='150.0' height='150.0' image='17'/>
  </pieceOfFurniture>
  <pieceOfFurniture level='level3' catalogId='Puybaret#toitureArdoiseRouge' name='Red slate roof' creator='Emmanuel Puybaret' model='16/model.obj' x='4858.67' y='7156.1445' elevation='143.45068' angle='1.5707964' width='826.7002' depth='242.55222' height='149.50732'>
    <texture name='Square roof slates' creator='Scopia' catalogId='eTeksScopia#square-roof-slates' width='150.0' height='150.0' image='17'/>
  </pieceOfFurniture>
  <pieceOfFurniture level='level3' catalogId='Puybaret#toitureArdoiseRouge' name='Red slate roof' creator='Emmanuel Puybaret' model='16/model.obj' x='5899.2637' y='7139.715' elevation='143.45068' angle='1.5707964' width='826.7002' depth='242.55222' height='149.50732'>
    <texture name='Square roof slates' creator='Scopia' catalogId='eTeksScopia#square-roof-slates' width='150.0' height='150.0' image='17'/>
  </pieceOfFurniture>
  <pieceOfFurniture level='level3' catalogId='Puybaret#toitureArdoiseRouge' name='Red slate roof' creator='Emmanuel Puybaret' model='16/model.obj' x='6834.4526' y='7150.7563' elevation='143.45068' angle='1.5707964' width='826.7002' depth='242.55222' height='149.50732'>
    <texture name='Square roof slates' creator='Scopia' catalogId='eTeksScopia#square-roof-slates' width='150.0' height='150.0' image='17'/>
  </pieceOfFurniture>
  <pieceOfFurniture level='level3' catalogId='Puybaret#toitureArdoiseRouge' name='Red slate roof' creator='Emmanuel Puybaret' model='16/model.obj' x='7866.088' y='7163.0923' elevation='143.45068' angle='1.5707964' width='826.7002' depth='242.55222' height='149.50732'>
    <texture name='Square roof slates' creator='Scopia' catalogId='eTeksScopia#square-roof-slates' width='150.0' height='150.0' image='17'/>
  </pieceOfFurniture>
  <pieceOfFurniture level='level3' catalogId='Puybaret#toitureArdoiseRouge' name='Red slate roof' creator='Emmanuel Puybaret' model='16/model.obj' x='5644.8022' y='7138.356' elevation='155.77661' angle='4.712389' width='814.0957' depth='258.33984' height='125.91577' modelMirrored='true'>
    <texture name='Square roof slates' creator='Scopia' catalogId='eTeksScopia#square-roof-slates' width='150.0' height='150.0' image='17'/>
  </pieceOfFurniture>
  <pieceOfFurniture level='level3' catalogId='Puybaret#toitureArdoiseRouge' name='Red slate roof' creator='Emmanuel Puybaret' model='16/model.obj' x='6581.942' y='7155.1714' elevation='155.77661' angle='4.712389' width='814.0957' depth='258.33984' height='125.91577' modelMirrored='true'>
    <texture name='Square roof slates' creator='Scopia' catalogId='eTeksScopia#square-roof-slates' width='150.0' height='150.0' image='17'/>
  </pieceOfFurniture>
  <pieceOfFurniture level='level3' catalogId='Puybaret#toitureArdoiseRouge' name='Red slate roof' creator='Emmanuel Puybaret' model='16/model.obj' x='7620.986' y='7159.249' elevation='155.77661' angle='4.712389' width='814.0957' depth='258.33984' height='125.91577' modelMirrored='true'>
    <texture name='Square roof slates' creator='Scopia' catalogId='eTeksScopia#square-roof-slates' width='150.0' height='150.0' image='17'/>
  </pieceOfFurniture>
  <pieceOfFurniture level='level1' catalogId='Puybaret#toitureArdoiseRouge' name='Red slate roof' creator='Emmanuel Puybaret' model='16/model.obj' x='7980.4185' y='8617.302' elevation='2.5' width='1020.8115' depth='373.69727' height='108.96417'>
    <texture name='Square roof slates' creator='Scopia' width='150.0' height='150.0' image='17'/>
  </pieceOfFurniture>
  <pieceOfFurniture level='level1' catalogId='Puybaret#toitureArdoiseRouge' name='Red slate roof' creator='Emmanuel Puybaret' model='16/model.obj' x='4982.4663' y='8607.528' elevation='2.5' width='1025.5835' depth='381.01465' height='108.96417'>
    <texture name='Square roof slates' creator='Scopia' width='150.0' height='150.0' image='17'/>
  </pieceOfFurniture>
  <pieceOfFurniture level='level1' catalogId='Puybaret#toitureArdoiseRouge' name='Red slate roof' creator='Emmanuel Puybaret' model='16/model.obj' x='6057.8496' y='8613.925' elevation='2.5' width='819.9424' depth='377.64746' height='108.96417'>
    <texture name='Square roof slates' creator='Scopia' width='150.0' height='150.0' image='17'/>
  </pieceOfFurniture>
  <pieceOfFurniture level='level1' catalogId='Puybaret#toitureArdoiseRouge' name='Red slate roof' creator='Emmanuel Puybaret' model='16/model.obj' x='6914.3594' y='8618.168' elevation='2.5' width='832.44824' depth='379.50977' height='108.96417'>
    <texture name='Square roof slates' creator='Scopia' width='150.0' height='150.0' image='17'/>
  </pieceOfFurniture>
  <doorOrWindow level='level0' catalogId='eTeks#serviceHatch' name='Service hatch' creator='eTeks' model='6/model.obj' x='8513.111' y='10049.728' angle='1.5707964' width='129.5' depth='38.10075' height='221.0' color='FFDDDDDD' movable='false'/>
  <doorOrWindow level='level0' catalogId='eTeks#serviceHatch' name='Service hatch' creator='eTeks' model='6/model.obj' x='7731.95' y='9818.646' angle='0.0063774586' width='486.78497' depth='46.576206' height='402.51562' color='FFDDDDDD' movable='false'/>
  <doorOrWindow level='level0' catalogId='eTeks#serviceHatch' name='Service hatch' creator='eTeks' model='6/model.obj' x='4489.3394' y='9993.139' angle='1.5707964' width='129.5' depth='38.10075' height='221.0' color='FFDDDDDD' movable='false'/>
  <doorOrWindow level='level0' catalogId='eTeks#serviceHatch' name='Service hatch' creator='eTeks' model='6/model.obj' x='5806.9214' y='9830.804' angle='0.0063774586' width='486.78497' depth='46.576206' height='402.51562' color='FFDDDDDD' movable='false'/>
  <doorOrWindow level='level0' catalogId='eTeks#serviceHatch' name='Service hatch' creator='eTeks' model='6/model.obj' x='6775.9077' y='9815.511' angle='0.0063774586' width='486.78497' depth='46.576206' height='402.51562' color='FFDDDDDD' movable='false'/>
  <doorOrWindow level='level0' catalogId='eTeks#serviceHatch' name='Service hatch' creator='eTeks' model='6/model.obj' x='4768.135' y='9831.196' angle='0.0063774586' width='486.78497' depth='46.576206' height='402.51562' color='FFDDDDDD' movable='false'/>
  <pieceOfFurniture level='level1' catalogId='Puybaret#toitureArdoiseRouge' name='Red slate roof' creator='Emmanuel Puybaret' model='16/model.obj' x='4986.923' y='10518.484' elevation='2.5' width='1037.5361' depth='279.4287' height='108.96417'>
    <texture name='Square roof slates' creator='Scopia' width='150.0' height='150.0' image='17'/>
  </pieceOfFurniture>
  <pieceOfFurniture level='level1' catalogId='Puybaret#toitureArdoiseRouge' name='Red slate roof' creator='Emmanuel Puybaret' model='16/model.obj' x='6045.024' y='10527.155' elevation='2.5' width='796.03955' depth='288.0127' height='108.96417'>
    <texture name='Square roof slates' creator='Scopia' width='150.0' height='150.0' image='17'/>
  </pieceOfFurniture>
  <pieceOfFurniture level='level1' catalogId='Puybaret#toitureArdoiseRouge' name='Red slate roof' creator='Emmanuel Puybaret' model='16/model.obj' x='6895.6426' y='10523.253' elevation='2.5' width='796.03955' depth='288.0127' height='108.96417'>
    <texture name='Square roof slates' creator='Scopia' width='150.0' height='150.0' image='17'/>
  </pieceOfFurniture>
  <pieceOfFurniture level='level1' catalogId='Puybaret#toitureArdoiseRouge' name='Red slate roof' creator='Emmanuel Puybaret' model='16/model.obj' x='7976.325' y='10522.338' elevation='2.5' width='1017.1406' depth='270.08594' height='108.96417'>
    <texture name='Square roof slates' creator='Scopia' width='150.0' height='150.0' image='17'/>
  </pieceOfFurniture>
  <pieceOfFurniture level='level3' catalogId='Puybaret#toitureArdoiseRouge' name='Red slate roof' creator='Emmanuel Puybaret' model='16/model.obj' x='4606.9087' y='9369.807' elevation='155.77661' angle='4.712389' width='814.0957' depth='258.33984' height='125.91577' modelMirrored='true'>
    <texture name='Square roof slates' creator='Scopia' catalogId='eTeksScopia#square-roof-slates' width='150.0' height='150.0' image='17'/>
  </pieceOfFurniture>
  <pieceOfFurniture level='level3' catalogId='Puybaret#toitureArdoiseRouge' name='Red slate roof' creator='Emmanuel Puybaret' model='16/model.obj' x='4858.781' y='9370.57' elevation='143.45068' angle='1.5707964' width='826.7002' depth='242.55222' height='149.50732'>
    <texture name='Square roof slates' creator='Scopia' catalogId='eTeksScopia#square-roof-slates' width='150.0' height='150.0' image='17'/>
  </pieceOfFurniture>
  <pieceOfFurniture level='level3' catalogId='Puybaret#toitureArdoiseRouge' name='Red slate roof' creator='Emmanuel Puybaret' model='16/model.obj' x='5638.283' y='9372.67' elevation='155.77661' angle='4.712389' width='814.0957' depth='258.33984' height='125.91577' modelMirrored='true'>
    <texture name='Square roof slates' creator='Scopia' catalogId='eTeksScopia#square-roof-slates' width='150.0' height='150.0' image='17'/>
  </pieceOfFurniture>
  <pieceOfFurniture level='level3' catalogId='Puybaret#toitureArdoiseRouge' name='Red slate roof' creator='Emmanuel Puybaret' model='16/model.obj' x='5892.7446' y='9374.029' elevation='143.45068' angle='1.5707964' width='826.7002' depth='242.55222' height='149.50732'>
    <texture name='Square roof slates' creator='Scopia' catalogId='eTeksScopia#square-roof-slates' width='150.0' height='150.0' image='17'/>
  </pieceOfFurniture>
  <pieceOfFurniture level='level3' catalogId='Puybaret#toitureArdoiseRouge' name='Red slate roof' creator='Emmanuel Puybaret' model='16/model.obj' x='6601.942' y='9369.597' elevation='155.77661' angle='4.712389' width='814.0957' depth='258.33984' height='125.91577' modelMirrored='true'>
    <texture name='Square roof slates' creator='Scopia' catalogId='eTeksScopia#square-roof-slates' width='150.0' height='150.0' image='17'/>
  </pieceOfFurniture>
  <pieceOfFurniture level='level3' catalogId='Puybaret#toitureArdoiseRouge' name='Red slate roof' creator='Emmanuel Puybaret' model='16/model.obj' x='6861.0825' y='9371.812' elevation='143.45068' angle='1.5707964' width='826.7002' depth='242.55222' height='149.50732'>
    <texture name='Square roof slates' creator='Scopia' catalogId='eTeksScopia#square-roof-slates' width='150.0' height='150.0' image='17'/>
  </pieceOfFurniture>
  <pieceOfFurniture level='level3' catalogId='Puybaret#toitureArdoiseRouge' name='Red slate roof' creator='Emmanuel Puybaret' model='16/model.obj' x='7601.2065' y='9360.415' elevation='155.77661' angle='4.712389' width='814.0957' depth='258.33984' height='125.91577' modelMirrored='true'>
    <texture name='Square roof slates' creator='Scopia' catalogId='eTeksScopia#square-roof-slates' width='150.0' height='150.0' image='17'/>
  </pieceOfFurniture>
  <pieceOfFurniture level='level3' catalogId='Puybaret#toitureArdoiseRouge' name='Red slate roof' creator='Emmanuel Puybaret' model='16/model.obj' x='7852.9395' y='9364.259' elevation='143.45068' angle='1.5707964' width='826.7002' depth='242.55222' height='149.50732'>
    <texture name='Square roof slates' creator='Scopia' catalogId='eTeksScopia#square-roof-slates' width='150.0' height='150.0' image='17'/>
  </pieceOfFurniture>
  <pieceOfFurniture level='level3' catalogId='Puybaret#toitureArdoiseRouge' name='Red slate roof' creator='Emmanuel Puybaret' model='16/model.obj' x='7775.8364' y='4847.849' elevation='130.00146' angle='1.5707964' width='826.7002' depth='242.55222' height='149.50732'>
    <texture name='Square roof slates' creator='Scopia' catalogId='eTeksScopia#square-roof-slates' width='150.0' height='150.0' image='17'/>
  </pieceOfFurniture>
  <pieceOfFurniture level='level3' catalogId='Puybaret#toitureArdoiseRouge' name='Red slate roof' creator='Emmanuel Puybaret' model='16/model.obj' x='7522.4985' y='4838.266' elevation='107.386475' angle='4.712389' width='814.0957' depth='258.33984' height='174.83374' modelMirrored='true'>
    <texture name='Square roof slates' creator='Scopia' catalogId='eTeksScopia#square-roof-slates' width='150.0' height='150.0' image='17'/>
  </pieceOfFurniture>
  <pieceOfFurniture level='level3' catalogId='Puybaret#toitureArdoiseRouge' name='Red slate roof' creator='Emmanuel Puybaret' model='16/model.obj' x='6806.3843' y='4852.6826' elevation='143.45068' angle='1.5707964' width='826.7002' depth='242.55222' height='149.50732'>
    <texture name='Square roof slates' creator='Scopia' catalogId='eTeksScopia#square-roof-slates' width='150.0' height='150.0' image='17'/>
  </pieceOfFurniture>
  <pieceOfFurniture level='level3' catalogId='Puybaret#toitureArdoiseRouge' name='Red slate roof' creator='Emmanuel Puybaret' model='16/model.obj' x='6553.2173' y='4852.4395' elevation='155.77661' angle='4.712389' width='814.0957' depth='258.33984' height='125.91577' modelMirrored='true'>
    <texture name='Square roof slates' creator='Scopia' catalogId='eTeksScopia#square-roof-slates' width='150.0' height='150.0' image='17'/>
  </pieceOfFurniture>
  <doorOrWindow level='level0' catalogId='eTeks#serviceHatch' name='Service hatch' creator='eTeks' model='6/model.obj' x='4497.725' y='3257.106' angle='1.5707964' width='129.5' depth='38.100002' height='221.0' color='FFDDDDDD' movable='false'/>
  <doorOrWindow level='level0' catalogId='eTeks#serviceHatch' name='Service hatch' creator='eTeks' model='6/model.obj' x='4776.5205' y='3095.1636' angle='0.0063774586' width='486.80002' depth='46.600002' height='402.5' color='FFDDDDDD' movable='false'/>
  <pieceOfFurniture level='level1' catalogId='Puybaret#toitureArdoiseRouge' name='Red slate roof' creator='Emmanuel Puybaret' model='16/model.obj' x='5023.0103' y='4135.74' elevation='2.5' width='1040.8' depth='446.2' height='109.0'>
    <texture name='Square roof slates' creator='Scopia' width='150.0' height='150.0' image='17'/>
  </pieceOfFurniture>
  <pieceOfFurniture level='level3' catalogId='Puybaret#toitureArdoiseRouge' name='Red slate roof' creator='Emmanuel Puybaret' model='16/model.obj' x='4619.4004' y='2628.1147' elevation='155.8' angle='4.712389' width='814.10004' depth='258.30002' height='125.9' modelMirrored='true'>
    <texture name='Square roof slates' creator='Scopia' catalogId='eTeksScopia#square-roof-slates' width='150.0' height='150.0' image='17'/>
  </pieceOfFurniture>
  <pieceOfFurniture level='level3' catalogId='Puybaret#toitureArdoiseRouge' name='Red slate roof' creator='Emmanuel Puybaret' model='16/model.obj' x='4870.9443' y='2628.63' elevation='143.5' angle='1.5707964' width='826.7' depth='242.6' height='149.5'>
    <texture name='Square roof slates' creator='Scopia' catalogId='eTeksScopia#square-roof-slates' width='150.0' height='150.0' image='17'/>
  </pieceOfFurniture>
</home>