<?xml version='1.0'?>
<home version='6000' exportFlags='27' name='BasicPlan2_PeristyleHouse.sh3d' structure='HomeStructure/Home.obj' camera='topCamera' selectedLevel='level2'>
  <environment groundColor='00A8A8A8' skyColor='00CCE4FC' lightColor='00A3A3A3' wallsAlpha='0.39607844'/>
  <observerCamera attribute='observerCamera' lens='PINHOLE' x='1725.7662' y='2360.2053' z='1029.6775' yaw='39.945557' pitch='0.24420357' fieldOfView='1.0995575' time='1543838400000' fixedSize='true'/>
  <camera attribute='topCamera' lens='PINHOLE' x='-4734.7773' y='10037.973' z='5168.501' yaw='-59.00041' pitch='0.3899998' fieldOfView='1.0995575' time='1543838400000'/>
  <level id='level0' name='Ground Floor' elevation='0.0' floorThickness='12.0' height='243.84' elevationIndex='0'/>
  <level id='level1' name='First Storey' elevation='461.645' floorThickness='12.0' height='243.84' elevationIndex='0'/>
  <level id='level2' name='Level 2' elevation='912.81244' floorThickness='12.0' height='243.84' elevationIndex='0'/>
  <doorOrWindow level='level0' catalogId='eTeks#doorFrame' name='Door frame' creator='eTeks' model='1/model.obj' x='1904.9485' y='1896.1165' width='125.729996' depth='9.678149' height='208.28' movable='false'/>
  <doorOrWindow level='level0' catalogId='eTeks#doorFrame' name='Door frame' creator='eTeks' model='1/model.obj' x='2305.155' y='2078.2378' width='88.9' depth='9.678149' height='208.28' movable='false'/>
  <pieceOfFurniture level='level0' catalogId='LucaPresidente#mensolaAzzurra' name='Blue shelf' creator='LucaPresidente' model='4/mensolaAzzurra.obj' x='2356.7278' y='1985.1833' elevation='241.3' width='162.56' depth='144.78' height='5.08' color='FFA2956E' modelRotation='0 0 1 0 1 0 -1 0 0'/>
  <doorOrWindow level='level0' catalogId='eTeks#serviceHatch' name='Service hatch' creator='eTeks' model='6/model.obj' x='1524.2076' y='1040.4573' angle='3.1415927' width='208.28' depth='30.48' height='220.98' color='FFDDDDDD' movable='false'/>
  <doorOrWindow level='level0' catalogId='eTeks#serviceHatch' name='Service hatch' creator='eTeks' model='6/model.obj' x='1096.6001' y='1036.6467' width='177.8' depth='38.10075' height='220.98' color='FFDDDDDD' movable='false'/>
  <doorOrWindow level='level0' catalogId='eTeks#serviceHatch' name='Service hatch' creator='eTeks' model='6/model.obj' x='672.73596' y='1036.6467' angle='3.1415927' width='132.08' depth='38.10075' height='220.98' color='FFDDDDDD' movable='false'/>
  <doorOrWindow level='level0' catalogId='eTeks#serviceHatch' name='Service hatch' creator='eTeks' model='6/model.obj' x='300.26456' y='1036.6467' width='114.299995' depth='38.10075' height='220.98' color='FFDDDDDD' movable='false'/>
  <doorOrWindow level='level0' catalogId='eTeks#serviceHatch' name='Service hatch' creator='eTeks' model='6/model.obj' x='675.36115' y='681.33545' width='132.08' depth='38.10075' height='220.98' color='FFDDDDDD' movable='false'/>
  <doorOrWindow level='level0' catalogId='eTeks#serviceHatch' name='Service hatch' creator='eTeks' model='6/model.obj' x='288.18805' y='681.33545' width='114.299995' depth='38.10075' height='220.98' color='FFDDDDDD' movable='false'/>
  <doorOrWindow level='level0' catalogId='eTeks#serviceHatch' name='Service hatch' creator='eTeks' model='6/model.obj' x='1776.4326' y='1287.9932' angle='1.5707964' width='208.28' depth='38.10075' height='220.98' color='FFDDDDDD' movable='false'/>
  <doorOrWindow level='level0' catalogId='eTeks#serviceHatch' name='Service hatch' creator='eTeks' model='6/model.obj' x='1776.4326' y='1754.4685' angle='4.712389' width='152.4' depth='38.10075' height='220.98' color='FFDDDDDD' movable='false'/>
  <doorOrWindow level='level0' catalogId='eTeks#serviceHatch' name='Service hatch' creator='eTeks' model='6/model.obj' x='1776.4326' y='1980.7649' angle='4.712389' width='119.38' depth='38.10075' height='220.98' color='FFDDDDDD' movable='false'/>
  <doorOrWindow level='level0' catalogId='eTeks#serviceHatch' name='Service hatch' creator='eTeks' model='6/model.obj' x='1776.4326' y='2170.1797' angle='1.5707964' width='129.54' depth='38.10075' height='220.98' color='FFDDDDDD' movable='false'/>
  <doorOrWindow level='level0' catalogId='eTeks#serviceHatch' name='Service hatch' creator='eTeks' model='6/model.obj' x='2461.4329' y='2168.0957' angle='1.5707964' width='129.54' depth='38.10075' height='220.98' color='FFDDDDDD' movable='false'/>
  <doorOrWindow level='level0' catalogId='eTeks#serviceHatch' name='Service hatch' creator='eTeks' model='6/model.obj' x='2251.4126' y='1762.0349' angle='4.712389' width='116.84' depth='38.10075' height='220.98' color='FFDDDDDD' movable='false'/>
  <doorOrWindow level='level0' catalogId='eTeks#serviceHatch' name='Service hatch' creator='eTeks' model='6/model.obj' x='489.72385' y='1548.5967' angle='4.712389' width='152.4' depth='38.10075' height='220.98' color='FFDDDDDD' movable='false'/>
  <pieceOfFurniture level='level0' name='Threshold' model='8/model.obj' x='1776.595' y='1748.259' angle='4.712389' width='166.37' depth='36.829998' height='32.385' color='FFA8A8A8'/>
  <pieceOfFurniture level='level0' name='Threshold' model='8/model.obj' x='1777.1133' y='2172.1274' angle='4.712389' width='133.34999' depth='39.37' height='32.385' color='FFA8A8A8'/>
  <pieceOfFurniture level='level0' name='Threshold' model='8/model.obj' x='1775.8015' y='1278.7981' angle='4.712389' width='223.51999' depth='36.829998' height='32.385' color='FFA8A8A8'/>
  <doorOrWindow level='level1' catalogId='eTeks#serviceHatch' name='Service hatch' creator='eTeks' model='6/model.obj' x='1534.0416' y='1036.6467' width='208.28' depth='38.10075' height='220.98' color='FFDDDDDD' movable='false'/>
  <doorOrWindow level='level1' catalogId='eTeks#serviceHatch' name='Service hatch' creator='eTeks' model='6/model.obj' x='1096.6001' y='1036.6467' width='177.8' depth='38.10075' height='220.98' color='FFDDDDDD' movable='false'/>
  <doorOrWindow level='level1' catalogId='eTeks#serviceHatch' name='Service hatch' creator='eTeks' model='6/model.obj' x='672.73596' y='1036.6467' angle='3.1415927' width='132.08' depth='38.10075' height='220.98' color='FFDDDDDD' movable='false'/>
  <doorOrWindow level='level1' catalogId='eTeks#serviceHatch' name='Service hatch' creator='eTeks' model='6/model.obj' x='300.26456' y='1036.6467' width='114.299995' depth='38.10075' height='220.98' color='FFDDDDDD' movable='false'/>
  <doorOrWindow level='level1' catalogId='eTeks#serviceHatch' name='Service hatch' creator='eTeks' model='6/model.obj' x='675.36115' y='681.33545' width='132.08' depth='38.10075' height='220.98' color='FFDDDDDD' movable='false'/>
  <doorOrWindow level='level1' catalogId='eTeks#serviceHatch' name='Service hatch' creator='eTeks' model='6/model.obj' x='288.18805' y='681.33545' width='114.299995' depth='38.10075' height='220.98' color='FFDDDDDD' movable='false'/>
  <doorOrWindow level='level1' catalogId='eTeks#serviceHatch' name='Service hatch' creator='eTeks' model='6/model.obj' x='1776.4326' y='1287.9932' angle='1.5707964' width='208.28' depth='38.10075' height='220.98' color='FFA8A8A8' movable='false'/>
  <doorOrWindow level='level1' catalogId='eTeks#serviceHatch' name='Service hatch' creator='eTeks' model='6/model.obj' x='1776.4326' y='1754.4688' angle='4.712389' width='152.4' depth='38.10075' height='220.98' color='FFDDDDDD' movable='false'/>
  <doorOrWindow level='level1' catalogId='eTeks#serviceHatch' name='Service hatch' creator='eTeks' model='6/model.obj' x='1776.4326' y='2170.18' angle='1.5707964' width='129.54' depth='38.10075' height='220.98' color='FFDDDDDD' movable='false'/>
  <doorOrWindow level='level1' catalogId='eTeks#serviceHatch' name='Service hatch' creator='eTeks' model='6/model.obj' x='489.72385' y='1548.5968' angle='4.712389' width='152.4' depth='38.10075' height='220.98' color='FFDDDDDD' movable='false'/>
  <pieceOfFurniture level='level1' name='Simple Steps' model='10/model.obj' x='631.71094' y='1660.072' elevation='187.95999' angle='5.497787' width='0.3175' depth='0.3175' height='101.917496'/>
  <pieceOfFurniture level='level1' name='Simple Steps' model='10/model.obj' x='1363.9717' y='3649.0295' elevation='187.95999' angle='5.497787' width='0.3175' depth='0.3175' height='101.917496'/>
  <pieceOfFurniture level='level1' name='Simple Steps' model='10/model.obj' x='-1275.7192' y='1531.2078' elevation='187.95999' angle='5.497787' width='0.3175' depth='0.3175' height='101.917496'/>
  <pieceOfFurniture level='level1' name='Simple Steps' model='10/model.obj' x='654.22595' y='-773.8435' elevation='187.95999' angle='5.497787' width='0.3175' depth='0.3175' height='101.917496'/>
  <pieceOfFurniture level='level0' name='Threshold' model='8/model.obj' x='1775.666' y='1983.7' angle='1.5707964' width='128.27' depth='34.29' height='32.385' color='FFA8A8A8'/>
  <pieceOfFurniture level='level0' name='Simple Steps' model='10/model.obj' x='2162.5796' y='1986.3713' elevation='104.14' angle='0.7853982' width='193.04' depth='187.95999' height='109.22'/>
  <pieceOfFurniture level='level0' name='Simple Steps' model='10/model.obj' x='2252.375' y='1989.2502' elevation='142.23999' angle='0.7853982' width='193.04' depth='187.95999' height='101.6'/>
  <pieceOfFurniture level='level0' name='Simple Steps' model='10/model.obj' x='2357.8625' y='1859.9893' elevation='226.06' angle='5.497787' width='208.28' depth='203.2' height='91.44'/>
  <pieceOfFurniture level='level0' name='Simple Steps' model='10/model.obj' x='2358.1091' y='1748.2876' elevation='320.04' angle='5.497787' width='208.28' depth='203.2' height='91.44'/>
  <pieceOfFurniture level='level0' name='Simple Steps' model='10/model.obj' x='2049.0745' y='1990.1614' angle='0.7853982' width='193.04' depth='187.95999' height='109.22'/>
  <doorOrWindow level='level1' catalogId='eTeks#serviceHatch' name='Service hatch' creator='eTeks' model='6/model.obj' x='2367.336' y='1586.8403' width='152.4' depth='38.10075' height='220.98' color='FFDDDDDD' movable='false'/>
  <pieceOfFurniture level='level0' name='Simple Steps' model='10/model.obj' x='2360.035' y='1665.0112' elevation='363.22' angle='5.497787' width='208.28' depth='203.2' height='91.44'/>
  <furnitureGroup level='level0' name='Group -2-' x='1131.9976' y='1681.2804' width='696.94727' depth='668.55786' height='447.03998'>
    <pieceOfFurniture level='level0' name='MyCustomPillar' model='12/Untitled.obj' x='1445.5415' y='1378.2073' elevation='27.940002' width='57.150005' depth='59.531258' height='419.09998' color='FFE6E6E6'/>
    <pieceOfFurniture level='level0' name='MyCustomPillar' model='12/Untitled.obj' x='1134.8042' y='1378.7515' elevation='24.130005' width='60.96' depth='63.5' height='419.09998' color='FFE6E6E6'/>
    <pieceOfFurniture level='level0' name='MyCustomPillar' model='12/Untitled.obj' x='819.07153' y='1382.9373' elevation='13.970001' width='60.96' depth='63.5' height='419.09998' color='FFE6E6E6'/>
    <pieceOfFurniture level='level0' name='MyCustomPillar' model='12/Untitled.obj' x='814.0039' y='1677.6082' elevation='27.940002' width='60.96' depth='63.5' height='419.09998' color='FFE6E6E6'/>
    <pieceOfFurniture level='level0' name='MyCustomPillar' model='12/Untitled.obj' x='816.41187' y='1975.8267' elevation='27.940002' width='60.96' depth='63.5' height='419.09998' color='FFE6E6E6'/>
    <pieceOfFurniture level='level0' name='MyCustomPillar' model='12/Untitled.obj' x='1149.02' y='1983.8093' elevation='25.399994' width='60.96' depth='63.5' height='419.09998' color='FFE6E6E6'/>
    <pieceOfFurniture level='level0' name='MyCustomPillar' model='12/Untitled.obj' x='1447.4985' y='1973.3757' elevation='27.940002' width='60.96' depth='63.5' height='419.09998' color='FFE6E6E6'/>
    <pieceOfFurniture level='level0' name='MyCustomPillar' model='12/Untitled.obj' x='1449.9912' y='1652.7285' elevation='24.130005' width='60.96' depth='63.5' height='419.09998' color='FFE6E6E6'/>
    <pieceOfFurniture level='level0' name='Threshold' model='8/model.obj' x='1448.4752' y='1804.8135' angle='4.712389' width='190.5' depth='48.26' height='32.385' color='FFE6E6E6'/>
    <pieceOfFurniture level='level0' name='Threshold' model='8/model.obj' x='1448.8998' y='1654.3186' angle='1.5707964' width='130.81' depth='52.07' height='32.385' color='FFE6E6E6'/>
    <pieceOfFurniture level='level0' name='Threshold' model='8/model.obj' x='1447.841' y='1943.2437' angle='1.5707964' width='116.84' depth='48.26' height='32.385' color='FFE6E6E6'/>
    <pieceOfFurniture level='level0' name='Threshold' model='8/model.obj' x='1290.8541' y='1981.5005' width='262.88998' depth='49.53' height='32.385' color='FFE6E6E6'/>
    <pieceOfFurniture level='level0' name='Threshold' model='8/model.obj' x='999.7197' y='1982.367' width='316.22998' depth='52.07' height='32.385' color='FFE6E6E6'/>
    <pieceOfFurniture level='level0' name='Threshold' model='8/model.obj' x='815.40857' y='1857.2966' angle='4.712389' width='297.18' depth='58.42' height='32.385' color='FFE6E6E6'/>
    <pieceOfFurniture level='level0' name='Threshold' model='8/model.obj' x='817.88025' y='1531.9983' angle='1.5707964' width='355.6' depth='64.77' height='32.385' color='FFE6E6E6'/>
    <pieceOfFurniture level='level0' name='Threshold' model='8/model.obj' x='935.2069' y='1378.9924' angle='3.1415927' width='193.04' depth='43.18' height='32.385' color='FFE6E6E6'/>
    <pieceOfFurniture level='level0' name='Threshold' model='8/model.obj' x='1095.3237' y='1377.3223' width='127.0' depth='45.72' height='32.385' color='FFE6E6E6'/>
    <pieceOfFurniture level='level0' name='Threshold' model='8/model.obj' x='1203.2737' y='1376.9187' width='88.9' depth='45.72' height='32.385' color='FFE6E6E6'/>
    <pieceOfFurniture level='level0' name='Threshold' model='8/model.obj' x='1449.4359' y='1472.219' angle='4.712389' width='233.68' depth='48.26' height='32.385' color='FFE6E6E6'/>
    <pieceOfFurniture level='level0' name='Threshold' model='8/model.obj' x='1334.9359' y='1379.3599' width='179.06999' depth='49.53' height='32.385' color='FFE6E6E6'/>
  </furnitureGroup>
  <furnitureGroup level='level1' name='Second floor' x='1126.677' y='1674.9447' width='695.3988' depth='681.95435' height='452.12'>
    <pieceOfFurniture level='level1' name='MyCustomPillar' model='12/Untitled.obj' x='809.45764' y='1671.9523' width='60.96' depth='63.5' height='452.12' color='FFE6E6E6'/>
    <pieceOfFurniture level='level1' name='MyCustomPillar' model='12/Untitled.obj' x='810.4123' y='1973.5542' width='60.96' depth='63.5' height='452.12' color='FFE6E6E6'/>
    <pieceOfFurniture level='level1' name='MyCustomPillar' model='12/Untitled.obj' x='1147.0269' y='1984.1719' width='60.96' depth='63.5' height='452.12' color='FFE6E6E6'/>
    <pieceOfFurniture level='level1' name='MyCustomPillar' model='12/Untitled.obj' x='1436.4706' y='1963.3246' width='60.96' depth='63.5' height='452.12' color='FFE6E6E6'/>
    <pieceOfFurniture level='level1' name='MyCustomPillar' model='12/Untitled.obj' x='1443.8965' y='1660.0242' width='60.96' depth='63.5' height='452.12' color='FFE6E6E6'/>
    <pieceOfFurniture level='level1' name='MyCustomPillar' model='12/Untitled.obj' x='1438.1147' y='1369.3031' width='60.96' depth='63.5' height='452.12' color='FFE6E6E6'/>
    <pieceOfFurniture level='level1' name='MyCustomPillar' model='12/Untitled.obj' x='1132.8082' y='1365.7175' width='60.96' depth='63.5' height='452.12' color='FFE6E6E6'/>
    <pieceOfFurniture level='level1' name='MyCustomPillar' model='12/Untitled.obj' x='813.4135' y='1379.3138' width='60.96' depth='63.5' height='452.12' color='FFE6E6E6'/>
  </furnitureGroup>
  <furnitureGroup level='level0' name='Group -1-' x='1126.3895' y='1678.8167' elevation='30.48' angle='4.712389' width='686.3651' depth='710.05927' height='420.68747'>
    <pieceOfFurniture level='level0' name='Threshold' model='8/model.obj' x='811.8837' y='1680.7133' elevation='447.03998' angle='4.712389' width='63.5' depth='67.46875' height='3.96875' color='FF700031'/>
    <pieceOfFurniture level='level0' name='Threshold' model='8/model.obj' x='814.36597' y='1386.615' elevation='447.03998' angle='4.712389' width='63.5' depth='67.6275' height='4.1275' color='FF700031'/>
    <pieceOfFurniture level='level0' name='Threshold' model='8/model.obj' x='1133.0673' y='1367.3842' elevation='447.03998' angle='4.712389' width='63.5' depth='67.6275' height='4.1275' color='FF700031'/>
    <pieceOfFurniture level='level0' name='Threshold' model='8/model.obj' x='1437.7983' y='1382.8206' elevation='447.03998' angle='4.712389' width='63.5' depth='67.6275' height='4.1275' color='FF700031'/>
    <pieceOfFurniture level='level0' name='Threshold' model='8/model.obj' x='1447.6055' y='1658.3992' elevation='447.03998' angle='4.712389' width='63.5' depth='67.6275' height='4.1275' color='FF700031'/>
    <pieceOfFurniture level='level0' name='Threshold' model='8/model.obj' x='1438.3838' y='1976.8184' elevation='447.03998' angle='4.712389' width='63.5' depth='67.6275' height='4.1275' color='FF700031'/>
    <pieceOfFurniture level='level0' name='Threshold' model='8/model.obj' x='1148.4519' y='1990.2493' elevation='447.03998' angle='4.712389' width='63.5' depth='67.6275' height='4.1275' color='FF700031'/>
    <pieceOfFurniture level='level0' name='Threshold' model='8/model.obj' x='805.17365' y='1975.2134' elevation='447.03998' angle='4.712389' width='63.5' depth='67.6275' height='4.1275' color='FF700031'/>
    <pieceOfFurniture level='level0' name='pozo' model='14/pozo.obj' x='817.2807' y='1514.8601' elevation='30.48' width='68.58' depth='63.1825' height='35.8775'/>
  </furnitureGroup>
  <pieceOfFurniture level='level2' catalogId='Puybaret#toitureArdoiseRouge' name='Red slate roof' creator='Emmanuel Puybaret' model='16/model.obj' x='1279.2264' y='347.01105' elevation='2.54' width='2325.3699' depth='482.2825' height='236.22'>
    <texture name='Square roof slates' creator='Scopia' width='150.0' height='150.0' image='17'/>
  </pieceOfFurniture>
  <pieceOfFurniture level='level2' catalogId='Puybaret#toitureArdoiseRouge' name='Red slate roof' creator='Emmanuel Puybaret' model='16/model.obj' x='1278.5715' y='816.8082' elevation='2.54' angle='3.1415927' width='2325.0525' depth='482.2825' height='236.22'>
    <texture name='Square roof slates' creator='Scopia' width='150.0' height='150.0' image='17'/>
  </pieceOfFurniture>
  <pieceOfFurniture level='level2' catalogId='Puybaret#toitureArdoiseRouge' name='Red slate roof' creator='Emmanuel Puybaret' model='16/model.obj' x='1299.9756' y='2125.922' elevation='22.86' width='960.12' depth='381.0' height='160.02'>
    <texture name='Square roof slates' creator='Scopia' width='150.0' height='150.0' image='17'/>
  </pieceOfFurniture>
  <pieceOfFurniture level='level2' catalogId='Puybaret#toitureArdoiseRouge' name='Red slate roof' creator='Emmanuel Puybaret' model='16/model.obj' x='655.90625' y='1706.482' angle='1.5707964' width='1297.94' depth='335.28' height='153.035'>
    <texture name='Square roof slates' creator='Scopia' width='150.0' height='150.0' image='17'/>
  </pieceOfFurniture>
  <pieceOfFurniture level='level2' catalogId='Puybaret#toitureArdoiseRouge' name='Red slate roof' creator='Emmanuel Puybaret' model='16/model.obj' x='282.65622' y='1706.8801' angle='4.712389' width='1300.48' depth='406.4' height='153.035' modelMirrored='true'>
    <texture name='Square roof slates' creator='Scopia' width='150.0' height='150.0' image='17'/>
  </pieceOfFurniture>
  <pieceOfFurniture level='level2' catalogId='Puybaret#toitureArdoiseRouge' name='Red slate roof' creator='Emmanuel Puybaret' model='16/model.obj' x='1291.9828' y='1224.3196' angle='3.1415927' width='988.06' depth='332.74' height='43.18'>
    <texture name='Square roof slates' creator='Scopia' width='150.0' height='150.0' image='17'/>
  </pieceOfFurniture>
  <pieceOfFurniture level='level2' catalogId='Puybaret#toitureArdoiseRouge' name='Red slate roof' creator='Emmanuel Puybaret' model='16/model.obj' x='1972.8' y='1685.2783' angle='4.712389' width='1300.48' depth='406.4' height='153.035' modelMirrored='true'>
    <texture name='Square roof slates' creator='Scopia' width='150.0' height='150.0' image='17'/>
  </pieceOfFurniture>
  <pieceOfFurniture level='level2' catalogId='Puybaret#toitureArdoiseRouge' name='Red slate roof' creator='Emmanuel Puybaret' model='16/model.obj' x='2307.7559' y='1693.2299' angle='1.5707964' width='1297.94' depth='335.28' height='153.035'>
    <texture name='Square roof slates' creator='Scopia' width='150.0' height='150.0' image='17'/>
  </pieceOfFurniture>
  <pieceOfFurniture level='level2' catalogId='Puybaret#toitureArdoiseRouge' name='Red slate roof' creator='Emmanuel Puybaret' model='16/model.obj' x='1593.4365' y='1647.919' angle='4.712389' width='609.6' depth='373.38' height='15.24'>
    <texture name='Square roof slates' creator='Scopia' width='150.0' height='150.0' image='17'/>
  </pieceOfFurniture>
  <pieceOfFurniture level='level0' name='Simple Steps' model='10/model.obj' x='4388.8623' y='3622.9524' elevation='187.95999' angle='5.497787' width='0.3175' depth='0.3175' height='101.917496'/>
  <pieceOfFurniture level='level0' name='Simple Steps' model='10/model.obj' x='1749.1711' y='1505.1306' elevation='187.95999' angle='5.497787' width='0.3175' depth='0.3175' height='101.917496'/>
  <pieceOfFurniture level='level0' name='Simple Steps' model='10/model.obj' x='3679.1165' y='-799.92053' elevation='187.95999' angle='5.497787' width='0.3175' depth='0.3175' height='101.917496'/>
  <pieceOfFurniture level='level0' name='Simple Steps' model='10/model.obj' x='3257.343' y='1131.5085' elevation='363.22' angle='5.497787' width='0.1' depth='0.1' height='91.44'/>
  <pieceOfFurniture level='level2' catalogId='Scopia#internal-unity-air-conditioning' name='Air conditioning - Internal unit' creator='Scopia' model='19/internal-unity-air-conditioning.obj' x='6993.426' y='1974.352' elevation='200.0' width='0.1' depth='0.1' height='28.5' movable='false'/>
  <pieceOfFurniture level='level0' name='Simple Steps' model='10/model.obj' x='-2249.31' y='968.5094' elevation='363.2' angle='5.497787' width='0.1' depth='0.1' height='91.4'/>
</home>