<?xml version='1.0'?>
<home version='6000' exportFlags='27' name='BasicPlan1_Fullsite_Roman.sh3d' structure='HomeStructure/Home.obj' camera='topCamera' selectedLevel='level3'>
  <environment groundColor='FFC9C9C9' skyColor='00CCE4FC' lightColor='00ADADAD'/>
  <observerCamera attribute='observerCamera' lens='PINHOLE' x='13625.065' y='7097.9985' z='1303.1482' yaw='8.111732' pitch='0.14634925' fieldOfView='1.0995575' time='1552219200000' fixedSize='true'/>
  <camera attribute='topCamera' lens='PINHOLE' x='27075.033' y='13936.566' z='7912.4746' yaw='-16.946995' pitch='0.3057989' fieldOfView='1.0995575' time='1552219200000'/>
  <level id='level0' name='Level 0' elevation='0.0' floorThickness='12.0' height='243.84' elevationIndex='0'/>
  <level id='level1' name='Level 1' elevation='457.1' floorThickness='12.0' height='243.8' elevationIndex='0'/>
  <level id='level2' name='Level 2' elevation='912.80005' floorThickness='12.0' height='243.84' elevationIndex='0'/>
  <level id='level3' name='Level 3' elevation='926.50006' floorThickness='12.0' height='243.84' elevationIndex='0'/>
  <doorOrWindow level='level0' catalogId='eTeks#doorFrame' name='Door frame' creator='eTeks' model='1/model.obj' x='7831.452' y='3952.788' angle='6.283185' width='125.700005' depth='9.678149' height='208.3' movable='false'/>
  <doorOrWindow level='level0' catalogId='eTeks#doorFrame' name='Door frame' creator='eTeks' model='1/model.obj' x='8231.658' y='4134.91' angle='6.283185' width='88.9' depth='9.678149' height='208.3' movable='false'/>
  <pieceOfFurniture level='level0' catalogId='LucaPresidente#mensolaAzzurra' name='Blue shelf' creator='LucaPresidente' model='4/mensolaAzzurra.obj' x='8283.232' y='4041.8545' elevation='241.3' angle='6.283185' width='162.6' depth='144.8' height='5.1' color='FFA2956E' modelRotation='0 0 1 0 1 0 -1 0 0'/>
  <doorOrWindow level='level0' catalogId='eTeks#serviceHatch' name='Service hatch' creator='eTeks' model='6/model.obj' x='7450.711' y='3097.1292' angle='3.1415925' width='208.3' depth='30.48' height='221.0' color='FFDDDDDD' movable='false'/>
  <doorOrWindow level='level0' catalogId='eTeks#serviceHatch' name='Service hatch' creator='eTeks' model='6/model.obj' x='7023.1035' y='3093.3186' angle='6.283185' width='177.8' depth='38.10075' height='221.0' color='FFDDDDDD' movable='false'/>
  <doorOrWindow level='level0' catalogId='eTeks#serviceHatch' name='Service hatch' creator='eTeks' model='6/model.obj' x='6599.2393' y='3093.3186' angle='3.1415925' width='132.1' depth='38.10075' height='221.0' color='FFDDDDDD' movable='false'/>
  <doorOrWindow level='level0' catalogId='eTeks#serviceHatch' name='Service hatch' creator='eTeks' model='6/model.obj' x='6226.768' y='3093.3186' angle='6.283185' width='114.3' depth='38.10075' height='221.0' color='FFDDDDDD' movable='false'/>
  <doorOrWindow level='level0' catalogId='eTeks#serviceHatch' name='Service hatch' creator='eTeks' model='6/model.obj' x='6601.865' y='2738.0073' angle='6.283185' width='132.1' depth='38.10075' height='221.0' color='FFDDDDDD' movable='false'/>
  <doorOrWindow level='level0' catalogId='eTeks#serviceHatch' name='Service hatch' creator='eTeks' model='6/model.obj' x='6214.6914' y='2738.0073' angle='6.283185' width='114.3' depth='38.10075' height='221.0' color='FFDDDDDD' movable='false'/>
  <doorOrWindow level='level0' catalogId='eTeks#serviceHatch' name='Service hatch' creator='eTeks' model='6/model.obj' x='7702.9355' y='3344.6653' angle='1.5707964' width='208.3' depth='38.10075' height='221.0' color='FFDDDDDD' movable='false'/>
  <doorOrWindow level='level0' catalogId='eTeks#serviceHatch' name='Service hatch' creator='eTeks' model='6/model.obj' x='7702.9355' y='3811.14' angle='4.712389' width='152.40001' depth='38.10075' height='221.0' color='FFDDDDDD' movable='false'/>
  <doorOrWindow level='level0' catalogId='eTeks#serviceHatch' name='Service hatch' creator='eTeks' model='6/model.obj' x='7702.9355' y='4037.4365' angle='4.712389' width='119.4' depth='38.10075' height='221.0' color='FFDDDDDD' movable='false'/>
  <doorOrWindow level='level0' catalogId='eTeks#serviceHatch' name='Service hatch' creator='eTeks' model='6/model.obj' x='7702.9355' y='4226.8516' angle='1.5707964' width='129.5' depth='38.10075' height='221.0' color='FFDDDDDD' movable='false'/>
  <doorOrWindow level='level0' catalogId='eTeks#serviceHatch' name='Service hatch' creator='eTeks' model='6/model.obj' x='8387.9375' y='4224.7676' angle='1.5707964' width='129.5' depth='38.10075' height='221.0' color='FFDDDDDD' movable='false'/>
  <doorOrWindow level='level0' catalogId='eTeks#serviceHatch' name='Service hatch' creator='eTeks' model='6/model.obj' x='8177.916' y='3818.7063' angle='4.712389' width='116.8' depth='38.10075' height='221.0' color='FFDDDDDD' movable='false'/>
  <doorOrWindow level='level0' catalogId='eTeks#serviceHatch' name='Service hatch' creator='eTeks' model='6/model.obj' x='6416.2275' y='3605.2686' angle='4.712389' width='152.40001' depth='38.10075' height='221.0' color='FFDDDDDD' movable='false'/>
  <pieceOfFurniture level='level0' name='Threshold' model='8/model.obj' x='7703.0986' y='3804.931' angle='4.712389' width='166.40001' depth='36.8' height='32.4' color='FFA8A8A8'/>
  <pieceOfFurniture level='level0' name='Threshold' model='8/model.obj' x='7703.617' y='4228.799' angle='4.712389' width='133.3' depth='39.4' height='32.4' color='FFA8A8A8'/>
  <pieceOfFurniture level='level0' name='Threshold' model='8/model.obj' x='7702.3047' y='3335.47' angle='4.712389' width='223.5' depth='36.8' height='32.4' color='FFA8A8A8'/>
  <pieceOfFurniture level='level0' name='Threshold' model='8/model.obj' x='7702.17' y='4040.371' angle='1.5707964' width='128.3' depth='34.3' height='32.4' color='FFA8A8A8'/>
  <pieceOfFurniture level='level0' name='Simple Steps' model='10/model.obj' x='8089.083' y='4043.043' elevation='104.1' angle='0.7853982' width='193.0' depth='188.0' height='109.200005'/>
  <pieceOfFurniture level='level0' name='Simple Steps' model='10/model.obj' x='8178.879' y='4045.9219' elevation='142.2' angle='0.7853982' width='193.0' depth='188.0' height='101.6'/>
  <pieceOfFurniture level='level0' name='Simple Steps' model='10/model.obj' x='8284.367' y='3916.6611' elevation='226.1' angle='5.497787' width='208.3' depth='203.2' height='91.4'/>
  <pieceOfFurniture level='level0' name='Simple Steps' model='10/model.obj' x='8284.613' y='3804.9592' elevation='320.0' angle='5.497787' width='208.3' depth='203.2' height='91.4'/>
  <pieceOfFurniture level='level0' name='Simple Steps' model='10/model.obj' x='7975.578' y='4046.833' angle='0.7853982' width='193.0' depth='188.0' height='109.200005'/>
  <pieceOfFurniture level='level0' name='Simple Steps' model='10/model.obj' x='8286.539' y='3721.6826' elevation='363.2' angle='5.497787' width='208.3' depth='203.2' height='91.4'/>
  <furnitureGroup level='level0' name='Group -2-' x='7058.5005' y='3705.896' angle='6.283185' width='696.94727' depth='668.5576' height='447.03998'>
    <pieceOfFurniture level='level0' name='MyCustomPillar' model='12/Untitled.obj' x='7372.044' y='3402.8232' elevation='27.940002' angle='6.283185' width='57.150005' depth='59.531258' height='419.09998' color='FFE6E6E6'/>
    <pieceOfFurniture level='level0' name='MyCustomPillar' model='12/Untitled.obj' x='7061.3066' y='3403.3672' elevation='24.130005' angle='6.283185' width='60.96' depth='63.5' height='419.09998' color='FFE6E6E6'/>
    <pieceOfFurniture level='level0' name='MyCustomPillar' model='12/Untitled.obj' x='6745.575' y='3407.5537' elevation='13.970001' angle='6.283185' width='60.96' depth='63.5' height='419.09998' color='FFE6E6E6'/>
    <pieceOfFurniture level='level0' name='MyCustomPillar' model='12/Untitled.obj' x='6740.507' y='3702.224' elevation='27.940002' angle='6.283185' width='60.96' depth='63.5' height='419.09998' color='FFE6E6E6'/>
    <pieceOfFurniture level='level0' name='MyCustomPillar' model='12/Untitled.obj' x='6742.915' y='4000.4424' elevation='27.940002' angle='6.283185' width='60.96' depth='63.5' height='419.09998' color='FFE6E6E6'/>
    <pieceOfFurniture level='level0' name='MyCustomPillar' model='12/Untitled.obj' x='7075.5234' y='4008.4248' elevation='25.399994' angle='6.283185' width='60.96' depth='63.5' height='419.09998' color='FFE6E6E6'/>
    <pieceOfFurniture level='level0' name='MyCustomPillar' model='12/Untitled.obj' x='7374.002' y='3997.9912' elevation='27.940002' angle='6.283185' width='60.96' depth='63.5' height='419.09998' color='FFE6E6E6'/>
    <pieceOfFurniture level='level0' name='MyCustomPillar' model='12/Untitled.obj' x='7376.494' y='3677.3447' elevation='24.130005' angle='6.283185' width='60.96' depth='63.5' height='419.09998' color='FFE6E6E6'/>
    <pieceOfFurniture level='level0' name='Threshold' model='8/model.obj' x='7374.9785' y='3829.429' angle='4.712389' width='190.5' depth='48.26' height='32.385' color='FFE6E6E6'/>
    <pieceOfFurniture level='level0' name='Threshold' model='8/model.obj' x='7375.4033' y='3678.9346' angle='1.5707963' width='130.81' depth='52.07' height='32.385' color='FFE6E6E6'/>
    <pieceOfFurniture level='level0' name='Threshold' model='8/model.obj' x='7374.3438' y='3967.8594' angle='1.5707963' width='116.84' depth='48.26' height='32.385' color='FFE6E6E6'/>
    <pieceOfFurniture level='level0' name='Threshold' model='8/model.obj' x='7217.3574' y='4006.1162' angle='6.283185' width='262.88998' depth='49.53' height='32.385' color='FFE6E6E6'/>
    <pieceOfFurniture level='level0' name='Threshold' model='8/model.obj' x='6926.2227' y='4006.9824' angle='6.283185' width='316.22998' depth='52.07' height='32.385' color='FFE6E6E6'/>
    <pieceOfFurniture level='level0' name='Threshold' model='8/model.obj' x='6741.912' y='3881.912' angle='4.712389' width='297.18' depth='58.42' height='32.385' color='FFE6E6E6'/>
    <pieceOfFurniture level='level0' name='Threshold' model='8/model.obj' x='6744.384' y='3556.6143' angle='1.5707963' width='355.6' depth='64.77' height='32.385' color='FFE6E6E6'/>
    <pieceOfFurniture level='level0' name='Threshold' model='8/model.obj' x='6861.71' y='3403.6084' angle='3.1415925' width='193.04' depth='43.18' height='32.385' color='FFE6E6E6'/>
    <pieceOfFurniture level='level0' name='Threshold' model='8/model.obj' x='7021.827' y='3401.9385' angle='6.283185' width='127.0' depth='45.72' height='32.385' color='FFE6E6E6'/>
    <pieceOfFurniture level='level0' name='Threshold' model='8/model.obj' x='7129.7764' y='3401.5352' angle='6.283185' width='88.9' depth='45.72' height='32.385' color='FFE6E6E6'/>
    <pieceOfFurniture level='level0' name='Threshold' model='8/model.obj' x='7375.9395' y='3496.835' angle='4.712389' width='233.68' depth='48.26' height='32.385' color='FFE6E6E6'/>
    <pieceOfFurniture level='level0' name='Threshold' model='8/model.obj' x='7261.4395' y='3403.9756' angle='6.283185' width='179.06999' depth='49.53' height='32.385' color='FFE6E6E6'/>
  </furnitureGroup>
  <furnitureGroup level='level0' name='Group -1-' x='7056.0986' y='3706.6377' elevation='30.5' angle='4.712389' width='686.36523' depth='710.0596' height='420.68747'>
    <pieceOfFurniture level='level0' name='Threshold' model='8/model.obj' x='6741.593' y='3708.5342' elevation='447.05997' angle='4.712389' width='63.5' depth='67.46875' height='3.96875' color='FF700031'/>
    <pieceOfFurniture level='level0' name='Threshold' model='8/model.obj' x='6744.075' y='3414.436' elevation='447.05997' angle='4.712389' width='63.5' depth='67.6275' height='4.1275' color='FF700031'/>
    <pieceOfFurniture level='level0' name='Threshold' model='8/model.obj' x='7062.7764' y='3395.205' elevation='447.05997' angle='4.712389' width='63.5' depth='67.6275' height='4.1275' color='FF700031'/>
    <pieceOfFurniture level='level0' name='Threshold' model='8/model.obj' x='7367.507' y='3410.6416' elevation='447.05997' angle='4.712389' width='63.5' depth='67.6275' height='4.1275' color='FF700031'/>
    <pieceOfFurniture level='level0' name='Threshold' model='8/model.obj' x='7377.3145' y='3683.0146' elevation='447.05997' angle='4.712389' width='63.5' depth='67.6275' height='4.1275' color='FF700031'/>
    <pieceOfFurniture level='level0' name='Threshold' model='8/model.obj' x='7368.093' y='4004.6396' elevation='447.05997' angle='4.712389' width='63.5' depth='67.6275' height='4.1275' color='FF700031'/>
    <pieceOfFurniture level='level0' name='Threshold' model='8/model.obj' x='7078.161' y='4018.0703' elevation='447.05997' angle='4.712389' width='63.5' depth='67.6275' height='4.1275' color='FF700031'/>
    <pieceOfFurniture level='level0' name='Threshold' model='8/model.obj' x='6734.883' y='4003.0342' elevation='447.05997' angle='4.712389' width='63.5' depth='67.6275' height='4.1275' color='FF700031'/>
    <pieceOfFurniture level='level0' name='pozo' model='14/pozo.obj' x='6746.9893' y='3542.6812' elevation='30.5' angle='1.7484555E-7' width='68.58' depth='63.1825' height='35.8775'/>
  </furnitureGroup>
  <doorOrWindow level='level1' catalogId='eTeks#serviceHatch' name='Service hatch' creator='eTeks' model='6/model.obj' x='7464.4536' y='3098.1755' width='208.3' depth='38.10075' height='221.0' color='FFDDDDDD' movable='false'/>
  <doorOrWindow level='level1' catalogId='eTeks#serviceHatch' name='Service hatch' creator='eTeks' model='6/model.obj' x='7027.0083' y='3098.1755' width='177.8' depth='38.10075' height='221.0' color='FFDDDDDD' movable='false'/>
  <doorOrWindow level='level1' catalogId='eTeks#serviceHatch' name='Service hatch' creator='eTeks' model='6/model.obj' x='6603.14' y='3098.1755' angle='3.1415927' width='132.1' depth='38.10075' height='221.0' color='FFDDDDDD' movable='false'/>
  <doorOrWindow level='level1' catalogId='eTeks#serviceHatch' name='Service hatch' creator='eTeks' model='6/model.obj' x='6230.6655' y='3098.1755' width='114.3' depth='38.10075' height='221.0' color='FFDDDDDD' movable='false'/>
  <doorOrWindow level='level1' catalogId='eTeks#serviceHatch' name='Service hatch' creator='eTeks' model='6/model.obj' x='6605.765' y='2742.8645' width='132.1' depth='38.10075' height='221.0' color='FFDDDDDD' movable='false'/>
  <doorOrWindow level='level1' catalogId='eTeks#serviceHatch' name='Service hatch' creator='eTeks' model='6/model.obj' x='6218.5884' y='2742.8645' width='114.3' depth='38.10075' height='221.0' color='FFDDDDDD' movable='false'/>
  <doorOrWindow level='level1' catalogId='eTeks#serviceHatch' name='Service hatch' creator='eTeks' model='6/model.obj' x='7706.847' y='3349.5225' angle='1.5707964' width='208.3' depth='38.10075' height='221.0' color='FFA8A8A8' movable='false'/>
  <doorOrWindow level='level1' catalogId='eTeks#serviceHatch' name='Service hatch' creator='eTeks' model='6/model.obj' x='7706.847' y='3815.9978' angle='4.712389' width='152.40001' depth='38.10075' height='221.0' color='FFDDDDDD' movable='false'/>
  <doorOrWindow level='level1' catalogId='eTeks#serviceHatch' name='Service hatch' creator='eTeks' model='6/model.obj' x='7706.847' y='4231.711' angle='1.5707964' width='129.5' depth='38.10075' height='221.0' color='FFDDDDDD' movable='false'/>
  <doorOrWindow level='level1' catalogId='eTeks#serviceHatch' name='Service hatch' creator='eTeks' model='6/model.obj' x='6420.1265' y='3610.126' angle='4.712389' width='152.40001' depth='38.10075' height='221.0' color='FFDDDDDD' movable='false'/>
  <pieceOfFurniture level='level1' name='Simple Steps' model='10/model.obj' x='6562.1147' y='3721.6013' elevation='188.0' angle='5.497787' width='0.3' depth='0.3' height='101.9'/>
  <doorOrWindow level='level1' catalogId='eTeks#serviceHatch' name='Service hatch' creator='eTeks' model='6/model.obj' x='8297.751' y='3648.3696' width='152.40001' depth='38.10075' height='221.0' color='FFDDDDDD' movable='false'/>
  <furnitureGroup level='level1' name='Second floor' x='7058.5757' y='3727.1177' width='696.2744' depth='681.95435' height='360.67996'>
    <pieceOfFurniture level='level1' name='MyCustomPillar' model='12/Untitled.obj' x='6743.608' y='3729.739' width='60.96' depth='63.5' height='360.67996' color='FFE6E6E6'/>
    <pieceOfFurniture level='level1' name='MyCustomPillar' model='12/Untitled.obj' x='6740.9185' y='4022.0178' width='60.96' depth='63.5' height='360.67996' color='FFE6E6E6'/>
    <pieceOfFurniture level='level1' name='MyCustomPillar' model='12/Untitled.obj' x='7058.723' y='4036.345' width='60.96' depth='63.5' height='360.67996' color='FFE6E6E6'/>
    <pieceOfFurniture level='level1' name='MyCustomPillar' model='12/Untitled.obj' x='7376.233' y='4024.8538' width='60.96' depth='63.5' height='360.67996' color='FFE6E6E6'/>
    <pieceOfFurniture level='level1' name='MyCustomPillar' model='12/Untitled.obj' x='7370.559' y='3738.3943' width='60.96' depth='63.5' height='360.67996' color='FFE6E6E6'/>
    <pieceOfFurniture level='level1' name='MyCustomPillar' model='12/Untitled.obj' x='7376.0044' y='3427.0898' width='60.96' depth='63.5' height='360.67996' color='FFE6E6E6'/>
    <pieceOfFurniture level='level1' name='MyCustomPillar' model='12/Untitled.obj' x='7063.2173' y='3417.8906' width='60.96' depth='63.5' height='360.67996' color='FFE6E6E6'/>
    <pieceOfFurniture level='level1' name='MyCustomPillar' model='12/Untitled.obj' x='6745.693' y='3433.3584' width='60.96' depth='63.5' height='360.67996' color='FFE6E6E6'/>
  </furnitureGroup>
  <pieceOfFurniture level='level1' catalogId='Puybaret#toitureArdoiseRouge' name='Red slate roof' creator='Emmanuel Puybaret' model='16/model.obj' x='7527.646' y='3782.035' elevation='365.80002' angle='4.712389' width='1211.6' depth='426.7' height='99.1'>
    <texture name='Square roof slates' creator='Scopia' width='150.0' height='150.0' image='17'/>
  </pieceOfFurniture>
  <pieceOfFurniture level='level1' catalogId='Puybaret#toitureArdoiseRouge' name='Red slate roof' creator='Emmanuel Puybaret' model='16/model.obj' x='7182.1714' y='3274.4333' elevation='358.1' angle='3.1415927' width='1068.501' depth='380.74503' height='144.8'>
    <texture name='Square roof slates' creator='Scopia' width='150.0' height='150.0' image='17'/>
  </pieceOfFurniture>
  <pieceOfFurniture level='level1' catalogId='Puybaret#toitureArdoiseRouge' name='Red slate roof' creator='Emmanuel Puybaret' model='16/model.obj' x='6549.501' y='3754.8848' elevation='472.4' angle='1.5707964' width='1297.9' depth='335.30002' height='129.5'>
    <texture name='Square roof slates' creator='Scopia' width='150.0' height='150.0' image='17'/>
  </pieceOfFurniture>
  <pieceOfFurniture level='level1' catalogId='Puybaret#toitureArdoiseRouge' name='Red slate roof' creator='Emmanuel Puybaret' model='16/model.obj' x='7036.44' y='4202.831' elevation='373.4' width='640.0' depth='330.0' height='227.5'>
    <texture name='Square roof slates' creator='Scopia' width='150.0' height='150.0' image='17'/>
  </pieceOfFurniture>
  <pieceOfFurniture level='level2' catalogId='Puybaret#toitureArdoiseRouge' name='Red slate roof' creator='Emmanuel Puybaret' model='16/model.obj' x='7178.6143' y='2399.6372' elevation='2.5' width='2325.4001' depth='482.30002' height='236.2'>
    <texture name='Square roof slates' creator='Scopia' width='150.0' height='150.0' image='17'/>
  </pieceOfFurniture>
  <pieceOfFurniture level='level2' catalogId='Puybaret#toitureArdoiseRouge' name='Red slate roof' creator='Emmanuel Puybaret' model='16/model.obj' x='7177.958' y='2869.4343' elevation='2.5' angle='3.1415927' width='2325.1' depth='482.30002' height='236.2'>
    <texture name='Square roof slates' creator='Scopia' width='150.0' height='150.0' image='17'/>
  </pieceOfFurniture>
  <pieceOfFurniture level='level2' catalogId='Puybaret#toitureArdoiseRouge' name='Red slate roof' creator='Emmanuel Puybaret' model='16/model.obj' x='6176.4985' y='3759.506' angle='4.712389' width='1300.5' depth='406.4' height='153.0' modelMirrored='true'>
    <texture name='Square roof slates' creator='Scopia' width='150.0' height='150.0' image='17'/>
  </pieceOfFurniture>
  <pieceOfFurniture level='level2' catalogId='Puybaret#toitureArdoiseRouge' name='Red slate roof' creator='Emmanuel Puybaret' model='16/model.obj' x='7872.186' y='3737.9045' angle='4.712389' width='1300.5' depth='406.4' height='153.0' modelMirrored='true'>
    <texture name='Square roof slates' creator='Scopia' width='150.0' height='150.0' image='17'/>
  </pieceOfFurniture>
  <pieceOfFurniture level='level2' catalogId='Puybaret#toitureArdoiseRouge' name='Red slate roof' creator='Emmanuel Puybaret' model='16/model.obj' x='8208.947' y='3741.4807' angle='1.5707964' width='1297.9' depth='335.30002' height='153.0'>
    <texture name='Square roof slates' creator='Scopia' width='150.0' height='150.0' image='17'/>
  </pieceOfFurniture>
  <doorOrWindow level='level0' catalogId='eTeks#serviceHatch' name='Service hatch' creator='eTeks' model='6/model.obj' x='-666.1865' y='2093.7063' angle='6.283185' width='30.0' depth='0.1' height='221.0' color='FFDDDDDD' movable='false'/>
  <doorOrWindow level='level0' catalogId='eTeks#serviceHatch' name='Service hatch' creator='eTeks' model='6/model.obj' x='11075.444' y='2209.0042' angle='6.283185' width='30.0' depth='0.1' height='221.0' color='FFDDDDDD' movable='false'/>
  <doorOrWindow level='level0' catalogId='eTeks#serviceHatch' name='Service hatch' creator='eTeks' model='6/model.obj' x='8508.811' y='5514.4097' angle='1.5707964' width='129.5' depth='38.10075' height='221.0' color='FFDDDDDD' movable='false'/>
  <pieceOfFurniture level='level1' catalogId='Puybaret#toitureArdoiseRouge' name='Red slate roof' creator='Emmanuel Puybaret' model='16/model.obj' x='8031.7505' y='6388.8813' elevation='2.5' width='1018.6377' depth='430.23193' height='108.96417'>
    <texture name='Square roof slates' creator='Scopia' width='150.0' height='150.0' image='17'/>
  </pieceOfFurniture>
  <doorOrWindow level='level0' catalogId='eTeks#serviceHatch' name='Service hatch' creator='eTeks' model='6/model.obj' x='7774.8477' y='5283.328' angle='0.0063774586' width='486.78497' depth='46.576206' height='402.51562' color='FFDDDDDD' movable='false'/>
  <pieceOfFurniture level='level1' catalogId='Puybaret#toitureArdoiseRouge' name='Red slate roof' creator='Emmanuel Puybaret' model='16/model.obj' x='6955.261' y='6380.8564' elevation='2.5' width='783.31885' depth='451.26562' height='108.96417'>
    <texture name='Square roof slates' creator='Scopia' width='150.0' height='150.0' image='17'/>
  </pieceOfFurniture>
  <doorOrWindow level='level0' catalogId='eTeks#serviceHatch' name='Service hatch' creator='eTeks' model='6/model.obj' x='4532.236' y='5457.8203' angle='1.5707964' width='129.5' depth='38.10075' height='221.0' color='FFDDDDDD' movable='false'/>
  <pieceOfFurniture level='level1' catalogId='Puybaret#toitureArdoiseRouge' name='Red slate roof' creator='Emmanuel Puybaret' model='16/model.obj' x='5021.9033' y='6367.0845' elevation='2.5' width='1040.8027' depth='446.24707' height='108.96417'>
    <texture name='Square roof slates' creator='Scopia' width='150.0' height='150.0' image='17'/>
  </pieceOfFurniture>
  <pieceOfFurniture level='level1' catalogId='Puybaret#toitureArdoiseRouge' name='Red slate roof' creator='Emmanuel Puybaret' model='16/model.obj' x='6104.517' y='6389.789' elevation='2.5' width='815.59326' depth='423.30957' height='108.96417'>
    <texture name='Square roof slates' creator='Scopia' width='150.0' height='150.0' image='17'/>
  </pieceOfFurniture>
  <pieceOfFurniture level='level3' catalogId='Puybaret#toitureArdoiseRouge' name='Red slate roof' creator='Emmanuel Puybaret' model='16/model.obj' x='4681.2876' y='4862.447' elevation='155.77661' angle='4.712389' width='814.0957' depth='258.33984' height='125.91577' modelMirrored='true'>
    <texture name='Square roof slates' creator='Scopia' catalogId='eTeksScopia#square-roof-slates' width='150.0' height='150.0' image='17'/>
  </pieceOfFurniture>
  <pieceOfFurniture level='level3' catalogId='Puybaret#toitureArdoiseRouge' name='Red slate roof' creator='Emmanuel Puybaret' model='16/model.obj' x='4932.8315' y='4862.962' elevation='143.45068' angle='1.5707964' width='826.7002' depth='242.55222' height='149.50732'>
    <texture name='Square roof slates' creator='Scopia' catalogId='eTeksScopia#square-roof-slates' width='150.0' height='150.0' image='17'/>
  </pieceOfFurniture>
  <pieceOfFurniture level='level3' catalogId='Puybaret#toitureArdoiseRouge' name='Red slate roof' creator='Emmanuel Puybaret' model='16/model.obj' x='5972.404' y='4871.1978' elevation='143.45068' angle='1.5707964' width='826.7002' depth='242.55222' height='149.50732'>
    <texture name='Square roof slates' creator='Scopia' catalogId='eTeksScopia#square-roof-slates' width='150.0' height='150.0' image='17'/>
  </pieceOfFurniture>
  <pieceOfFurniture level='level3' catalogId='Puybaret#toitureArdoiseRouge' name='Red slate roof' creator='Emmanuel Puybaret' model='16/model.obj' x='5719.237' y='4863.112' elevation='155.77661' angle='4.712389' width='814.0957' depth='258.33984' height='125.91577' modelMirrored='true'>
    <texture name='Square roof slates' creator='Scopia' catalogId='eTeksScopia#square-roof-slates' width='150.0' height='150.0' image='17'/>
  </pieceOfFurniture>
  <doorOrWindow level='level0' catalogId='eTeks#serviceHatch' name='Service hatch' creator='eTeks' model='6/model.obj' x='5849.818' y='5295.4854' angle='0.0063774586' width='486.78497' depth='46.576206' height='402.51562' color='FFDDDDDD' movable='false'/>
  <doorOrWindow level='level0' catalogId='eTeks#serviceHatch' name='Service hatch' creator='eTeks' model='6/model.obj' x='6818.804' y='5280.1924' angle='0.0063774586' width='486.78497' depth='46.576206' height='402.51562' color='FFDDDDDD' movable='false'/>
  <doorOrWindow level='level0' catalogId='eTeks#serviceHatch' name='Service hatch' creator='eTeks' model='6/model.obj' x='4811.0312' y='5295.878' angle='0.0063774586' width='486.78497' depth='46.576206' height='402.51562' color='FFDDDDDD' movable='false'/>
  <doorOrWindow level='level0' catalogId='eTeks#serviceHatch' name='Service hatch' creator='eTeks' model='6/model.obj' x='4540.277' y='4179.3936' angle='1.5707964' width='129.5' depth='38.100754' height='221.0' color='FFDDDDDD' movable='false'/>
  <pieceOfFurniture level='level1' catalogId='Puybaret#toitureArdoiseRouge' name='Red slate roof' creator='Emmanuel Puybaret' model='16/model.obj' x='5460.415' y='4255.002' angle='3.1415927' width='1055.0' depth='290.0' height='144.8'>
    <texture name='Square roof slates' creator='Scopia' width='150.0' height='150.0' image='17'/>
  </pieceOfFurniture>
  <pieceOfFurniture level='level3' catalogId='Puybaret#toitureArdoiseRouge' name='Red slate roof' creator='Emmanuel Puybaret' model='16/model.obj' x='5068.4927' y='2791.824' elevation='155.77661' angle='4.712389' width='814.0957' depth='258.33984' height='125.91577' modelMirrored='true'>
    <texture name='Square roof slates' creator='Scopia' catalogId='eTeksScopia#square-roof-slates' width='150.0' height='150.0' image='17'/>
  </pieceOfFurniture>
  <pieceOfFurniture level='level3' catalogId='Puybaret#toitureArdoiseRouge' name='Red slate roof' creator='Emmanuel Puybaret' model='16/model.obj' x='5322.089' y='2794.124' elevation='143.45068' angle='1.5707964' width='826.7002' depth='242.55222' height='149.50732'>
    <texture name='Square roof slates' creator='Scopia' catalogId='eTeksScopia#square-roof-slates' width='150.0' height='150.0' image='17'/>
  </pieceOfFurniture>
  <doorOrWindow level='level0' catalogId='eTeks#serviceHatch' name='Service hatch' creator='eTeks' model='6/model.obj' x='5243.737' y='3229.7373' angle='0.0063774586' width='486.78497' depth='46.576206' height='402.51562' color='FFDDDDDD' movable='false'/>
  <doorOrWindow level='level0' catalogId='eTeks#serviceHatch' name='Service hatch' creator='eTeks' model='6/model.obj' x='8552.466' y='7827.062' angle='1.5707964' width='129.5' depth='38.10075' height='221.0' color='FFDDDDDD' movable='false'/>
  <doorOrWindow level='level0' catalogId='eTeks#serviceHatch' name='Service hatch' creator='eTeks' model='6/model.obj' x='7771.3086' y='7595.9805' angle='0.0063774586' width='486.78497' depth='46.576206' height='402.51562' color='FFDDDDDD' movable='false'/>
  <doorOrWindow level='level0' catalogId='eTeks#serviceHatch' name='Service hatch' creator='eTeks' model='6/model.obj' x='4528.697' y='7770.4727' angle='1.5707964' width='129.5' depth='38.10075' height='221.0' color='FFDDDDDD' movable='false'/>
  <doorOrWindow level='level0' catalogId='eTeks#serviceHatch' name='Service hatch' creator='eTeks' model='6/model.obj' x='5846.279' y='7608.1377' angle='0.0063774586' width='486.78497' depth='46.576206' height='402.51562' color='FFDDDDDD' movable='false'/>
  <doorOrWindow level='level0' catalogId='eTeks#serviceHatch' name='Service hatch' creator='eTeks' model='6/model.obj' x='6815.265' y='7592.8447' angle='0.0063774586' width='486.78497' depth='46.576206' height='402.51562' color='FFDDDDDD' movable='false'/>
  <doorOrWindow level='level0' catalogId='eTeks#serviceHatch' name='Service hatch' creator='eTeks' model='6/model.obj' x='4807.492' y='7608.5303' angle='0.0063774586' width='486.78497' depth='46.576206' height='402.51562' color='FFDDDDDD' movable='false'/>
  <pieceOfFurniture level='level3' catalogId='Puybaret#toitureArdoiseRouge' name='Red slate roof' creator='Emmanuel Puybaret' model='16/model.obj' x='4713.175' y='7173.1104' elevation='155.77661' angle='4.712389' width='814.0957' depth='258.33984' height='125.91577' modelMirrored='true'>
    <texture name='Square roof slates' creator='Scopia' catalogId='eTeksScopia#square-roof-slates' width='150.0' height='150.0' image='17'/>
  </pieceOfFurniture>
  <pieceOfFurniture level='level3' catalogId='Puybaret#toitureArdoiseRouge' name='Red slate roof' creator='Emmanuel Puybaret' model='16/model.obj' x='4965.047' y='7173.874' elevation='143.45068' angle='1.5707964' width='826.7002' depth='242.55222' height='149.50732'>
    <texture name='Square roof slates' creator='Scopia' catalogId='eTeksScopia#square-roof-slates' width='150.0' height='150.0' image='17'/>
  </pieceOfFurniture>
  <pieceOfFurniture level='level3' catalogId='Puybaret#toitureArdoiseRouge' name='Red slate roof' creator='Emmanuel Puybaret' model='16/model.obj' x='6005.6406' y='7157.4443' elevation='143.45068' angle='1.5707964' width='826.7002' depth='242.55222' height='149.50732'>
    <texture name='Square roof slates' creator='Scopia' catalogId='eTeksScopia#square-roof-slates' width='150.0' height='150.0' image='17'/>
  </pieceOfFurniture>
  <pieceOfFurniture level='level3' catalogId='Puybaret#toitureArdoiseRouge' name='Red slate roof' creator='Emmanuel Puybaret' model='16/model.obj' x='6940.8296' y='7168.486' elevation='143.45068' angle='1.5707964' width='826.7002' depth='242.55222' height='149.50732'>
    <texture name='Square roof slates' creator='Scopia' catalogId='eTeksScopia#square-roof-slates' width='150.0' height='150.0' image='17'/>
  </pieceOfFurniture>
  <pieceOfFurniture level='level3' catalogId='Puybaret#toitureArdoiseRouge' name='Red slate roof' creator='Emmanuel Puybaret' model='16/model.obj' x='7972.465' y='7180.822' elevation='143.45068' angle='1.5707964' width='826.7002' depth='242.55222' height='149.50732'>
    <texture name='Square roof slates' creator='Scopia' catalogId='eTeksScopia#square-roof-slates' width='150.0' height='150.0' image='17'/>
  </pieceOfFurniture>
  <pieceOfFurniture level='level3' catalogId='Puybaret#toitureArdoiseRouge' name='Red slate roof' creator='Emmanuel Puybaret' model='16/model.obj' x='5751.179' y='7156.0854' elevation='155.77661' angle='4.712389' width='814.0957' depth='258.33984' height='125.91577' modelMirrored='true'>
    <texture name='Square roof slates' creator='Scopia' catalogId='eTeksScopia#square-roof-slates' width='150.0' height='150.0' image='17'/>
  </pieceOfFurniture>
  <pieceOfFurniture level='level3' catalogId='Puybaret#toitureArdoiseRouge' name='Red slate roof' creator='Emmanuel Puybaret' model='16/model.obj' x='6688.319' y='7172.901' elevation='155.77661' angle='4.712389' width='814.0957' depth='258.33984' height='125.91577' modelMirrored='true'>
    <texture name='Square roof slates' creator='Scopia' catalogId='eTeksScopia#square-roof-slates' width='150.0' height='150.0' image='17'/>
  </pieceOfFurniture>
  <pieceOfFurniture level='level3' catalogId='Puybaret#toitureArdoiseRouge' name='Red slate roof' creator='Emmanuel Puybaret' model='16/model.obj' x='7727.363' y='7176.9785' elevation='155.77661' angle='4.712389' width='814.0957' depth='258.33984' height='125.91577' modelMirrored='true'>
    <texture name='Square roof slates' creator='Scopia' catalogId='eTeksScopia#square-roof-slates' width='150.0' height='150.0' image='17'/>
  </pieceOfFurniture>
  <pieceOfFurniture level='level1' catalogId='Puybaret#toitureArdoiseRouge' name='Red slate roof' creator='Emmanuel Puybaret' model='16/model.obj' x='8029.942' y='8617.302' elevation='2.5' width='1020.8115' depth='373.69727' height='108.96417'>
    <texture name='Square roof slates' creator='Scopia' width='150.0' height='150.0' image='17'/>
  </pieceOfFurniture>
  <pieceOfFurniture level='level1' catalogId='Puybaret#toitureArdoiseRouge' name='Red slate roof' creator='Emmanuel Puybaret' model='16/model.obj' x='5031.9897' y='8607.528' elevation='2.5' width='1025.5835' depth='381.01465' height='108.96417'>
    <texture name='Square roof slates' creator='Scopia' width='150.0' height='150.0' image='17'/>
  </pieceOfFurniture>
  <pieceOfFurniture level='level1' catalogId='Puybaret#toitureArdoiseRouge' name='Red slate roof' creator='Emmanuel Puybaret' model='16/model.obj' x='6107.373' y='8613.925' elevation='2.5' width='819.9424' depth='377.64746' height='108.96417'>
    <texture name='Square roof slates' creator='Scopia' width='150.0' height='150.0' image='17'/>
  </pieceOfFurniture>
  <pieceOfFurniture level='level1' catalogId='Puybaret#toitureArdoiseRouge' name='Red slate roof' creator='Emmanuel Puybaret' model='16/model.obj' x='6963.883' y='8618.168' elevation='2.5' width='832.44824' depth='379.50977' height='108.96417'>
    <texture name='Square roof slates' creator='Scopia' width='150.0' height='150.0' image='17'/>
  </pieceOfFurniture>
  <doorOrWindow level='level0' catalogId='eTeks#serviceHatch' name='Service hatch' creator='eTeks' model='6/model.obj' x='8552.305' y='10049.728' angle='1.5707964' width='129.5' depth='38.10075' height='221.0' color='FFDDDDDD' movable='false'/>
  <doorOrWindow level='level0' catalogId='eTeks#serviceHatch' name='Service hatch' creator='eTeks' model='6/model.obj' x='7771.145' y='9818.646' angle='0.0063774586' width='486.78497' depth='46.576206' height='402.51562' color='FFDDDDDD' movable='false'/>
  <doorOrWindow level='level0' catalogId='eTeks#serviceHatch' name='Service hatch' creator='eTeks' model='6/model.obj' x='4528.534' y='9993.139' angle='1.5707964' width='129.5' depth='38.10075' height='221.0' color='FFDDDDDD' movable='false'/>
  <doorOrWindow level='level0' catalogId='eTeks#serviceHatch' name='Service hatch' creator='eTeks' model='6/model.obj' x='5846.116' y='9830.804' angle='0.0063774586' width='486.78497' depth='46.576206' height='402.51562' color='FFDDDDDD' movable='false'/>
  <doorOrWindow level='level0' catalogId='eTeks#serviceHatch' name='Service hatch' creator='eTeks' model='6/model.obj' x='6815.1025' y='9815.511' angle='0.0063774586' width='486.78497' depth='46.576206' height='402.51562' color='FFDDDDDD' movable='false'/>
  <doorOrWindow level='level0' catalogId='eTeks#serviceHatch' name='Service hatch' creator='eTeks' model='6/model.obj' x='4807.3296' y='9831.196' angle='0.0063774586' width='486.78497' depth='46.576206' height='402.51562' color='FFDDDDDD' movable='false'/>
  <pieceOfFurniture level='level1' catalogId='Puybaret#toitureArdoiseRouge' name='Red slate roof' creator='Emmanuel Puybaret' model='16/model.obj' x='5036.4463' y='10518.484' elevation='2.5' width='1037.5361' depth='279.4287' height='108.96417'>
    <texture name='Square roof slates' creator='Scopia' width='150.0' height='150.0' image='17'/>
  </pieceOfFurniture>
  <pieceOfFurniture level='level1' catalogId='Puybaret#toitureArdoiseRouge' name='Red slate roof' creator='Emmanuel Puybaret' model='16/model.obj' x='6094.5474' y='10527.155' elevation='2.5' width='796.03955' depth='288.0127' height='108.96417'>
    <texture name='Square roof slates' creator='Scopia' width='150.0' height='150.0' image='17'/>
  </pieceOfFurniture>
  <pieceOfFurniture level='level1' catalogId='Puybaret#toitureArdoiseRouge' name='Red slate roof' creator='Emmanuel Puybaret' model='16/model.obj' x='6945.166' y='10523.253' elevation='2.5' width='796.03955' depth='288.0127' height='108.96417'>
    <texture name='Square roof slates' creator='Scopia' width='150.0' height='150.0' image='17'/>
  </pieceOfFurniture>
  <pieceOfFurniture level='level1' catalogId='Puybaret#toitureArdoiseRouge' name='Red slate roof' creator='Emmanuel Puybaret' model='16/model.obj' x='8025.8486' y='10522.338' elevation='2.5' width='1017.1406' depth='270.08594' height='108.96417'>
    <texture name='Square roof slates' creator='Scopia' width='150.0' height='150.0' image='17'/>
  </pieceOfFurniture>
  <pieceOfFurniture level='level3' catalogId='Puybaret#toitureArdoiseRouge' name='Red slate roof' creator='Emmanuel Puybaret' model='16/model.obj' x='4713.2856' y='9387.536' elevation='155.77661' angle='4.712389' width='814.0957' depth='258.33984' height='125.91577' modelMirrored='true'>
    <texture name='Square roof slates' creator='Scopia' catalogId='eTeksScopia#square-roof-slates' width='150.0' height='150.0' image='17'/>
  </pieceOfFurniture>
  <pieceOfFurniture level='level3' catalogId='Puybaret#toitureArdoiseRouge' name='Red slate roof' creator='Emmanuel Puybaret' model='16/model.obj' x='4965.1577' y='9388.3' elevation='143.45068' angle='1.5707964' width='826.7002' depth='242.55222' height='149.50732'>
    <texture name='Square roof slates' creator='Scopia' catalogId='eTeksScopia#square-roof-slates' width='150.0' height='150.0' image='17'/>
  </pieceOfFurniture>
  <pieceOfFurniture level='level3' catalogId='Puybaret#toitureArdoiseRouge' name='Red slate roof' creator='Emmanuel Puybaret' model='16/model.obj' x='5744.66' y='9390.399' elevation='155.77661' angle='4.712389' width='814.0957' depth='258.33984' height='125.91577' modelMirrored='true'>
    <texture name='Square roof slates' creator='Scopia' catalogId='eTeksScopia#square-roof-slates' width='150.0' height='150.0' image='17'/>
  </pieceOfFurniture>
  <pieceOfFurniture level='level3' catalogId='Puybaret#toitureArdoiseRouge' name='Red slate roof' creator='Emmanuel Puybaret' model='16/model.obj' x='5999.1216' y='9391.759' elevation='143.45068' angle='1.5707964' width='826.7002' depth='242.55222' height='149.50732'>
    <texture name='Square roof slates' creator='Scopia' catalogId='eTeksScopia#square-roof-slates' width='150.0' height='150.0' image='17'/>
  </pieceOfFurniture>
  <pieceOfFurniture level='level3' catalogId='Puybaret#toitureArdoiseRouge' name='Red slate roof' creator='Emmanuel Puybaret' model='16/model.obj' x='6708.319' y='9387.326' elevation='155.77661' angle='4.712389' width='814.0957' depth='258.33984' height='125.91577' modelMirrored='true'>
    <texture name='Square roof slates' creator='Scopia' catalogId='eTeksScopia#square-roof-slates' width='150.0' height='150.0' image='17'/>
  </pieceOfFurniture>
  <pieceOfFurniture level='level3' catalogId='Puybaret#toitureArdoiseRouge' name='Red slate roof' creator='Emmanuel Puybaret' model='16/model.obj' x='6967.4595' y='9389.541' elevation='143.45068' angle='1.5707964' width='826.7002' depth='242.55222' height='149.50732'>
    <texture name='Square roof slates' creator='Scopia' catalogId='eTeksScopia#square-roof-slates' width='150.0' height='150.0' image='17'/>
  </pieceOfFurniture>
  <pieceOfFurniture level='level3' catalogId='Puybaret#toitureArdoiseRouge' name='Red slate roof' creator='Emmanuel Puybaret' model='16/model.obj' x='7707.5835' y='9378.145' elevation='155.77661' angle='4.712389' width='814.0957' depth='258.33984' height='125.91577' modelMirrored='true'>
    <texture name='Square roof slates' creator='Scopia' catalogId='eTeksScopia#square-roof-slates' width='150.0' height='150.0' image='17'/>
  </pieceOfFurniture>
  <pieceOfFurniture level='level3' catalogId='Puybaret#toitureArdoiseRouge' name='Red slate roof' creator='Emmanuel Puybaret' model='16/model.obj' x='7959.3164' y='9381.988' elevation='143.45068' angle='1.5707964' width='826.7002' depth='242.55222' height='149.50732'>
    <texture name='Square roof slates' creator='Scopia' catalogId='eTeksScopia#square-roof-slates' width='150.0' height='150.0' image='17'/>
  </pieceOfFurniture>
  <pieceOfFurniture level='level3' catalogId='Puybaret#toitureArdoiseRouge' name='Red slate roof' creator='Emmanuel Puybaret' model='16/model.obj' x='7882.2134' y='4865.5786' elevation='130.00146' angle='1.5707964' width='826.7002' depth='242.55222' height='149.50732'>
    <texture name='Square roof slates' creator='Scopia' catalogId='eTeksScopia#square-roof-slates' width='150.0' height='150.0' image='17'/>
  </pieceOfFurniture>
  <pieceOfFurniture level='level3' catalogId='Puybaret#toitureArdoiseRouge' name='Red slate roof' creator='Emmanuel Puybaret' model='16/model.obj' x='7628.8755' y='4855.9956' elevation='107.386475' angle='4.712389' width='814.0957' depth='258.33984' height='174.83374' modelMirrored='true'>
    <texture name='Square roof slates' creator='Scopia' catalogId='eTeksScopia#square-roof-slates' width='150.0' height='150.0' image='17'/>
  </pieceOfFurniture>
  <pieceOfFurniture level='level3' catalogId='Puybaret#toitureArdoiseRouge' name='Red slate roof' creator='Emmanuel Puybaret' model='16/model.obj' x='6912.761' y='4870.412' elevation='143.45068' angle='1.5707964' width='826.7002' depth='242.55222' height='149.50732'>
    <texture name='Square roof slates' creator='Scopia' catalogId='eTeksScopia#square-roof-slates' width='150.0' height='150.0' image='17'/>
  </pieceOfFurniture>
  <pieceOfFurniture level='level3' catalogId='Puybaret#toitureArdoiseRouge' name='Red slate roof' creator='Emmanuel Puybaret' model='16/model.obj' x='6659.594' y='4870.169' elevation='155.77661' angle='4.712389' width='814.0957' depth='258.33984' height='125.91577' modelMirrored='true'>
    <texture name='Square roof slates' creator='Scopia' catalogId='eTeksScopia#square-roof-slates' width='150.0' height='150.0' image='17'/>
  </pieceOfFurniture>
</home>