<?xml version='1.0'?>
<home version='6000' exportFlags='17' name='3_Simple_Plan_mod.sh3d' camera='topCamera' selectedLevel='level1' wallHeight='243.84'>
  <environment groundColor='00A8A8A8' skyColor='00CCE4FC' lightColor='00D0D0D0'/>
  <observerCamera attribute='observerCamera' lens='PINHOLE' x='2286.999' y='1296.9312' z='582.02997' yaw='20.135696' pitch='0.110797256' fieldOfView='1.0995575' time='1543838400000' fixedSize='true'/>
  <camera attribute='topCamera' lens='PINHOLE' x='6552.7036' y='6157.1025' z='1949.6019' yaw='-35.41302' pitch='0.15499996' fieldOfView='1.0995575' time='1543838400000'/>
  <level id='level0' name='Level 0' elevation='0.0' floorThickness='12.0' height='243.84' elevationIndex='0'/>
  <level id='level1' name='Level 1' elevation='461.645' floorThickness='12.0' height='243.84' elevationIndex='0'/>
  <doorOrWindow level='level0' catalogId='eTeks#doorFrame' name='Door frame' creator='eTeks' model='1' x='1904.9485' y='1896.1166' width='125.729996' widthInPlan='125.73001' depth='9.678149' height='208.28' modelSize='1281' movable='false' cutOutShape='M0,0 v1 h1 v-1 z' wallCutOutOnBothSides='true'/>
  <doorOrWindow level='level0' catalogId='eTeks#doorFrame' name='Door frame' creator='eTeks' model='1' x='2305.155' y='2078.238' width='88.9' widthInPlan='88.899994' depth='9.678149' height='208.28' modelSize='1281' movable='false' cutOutShape='M0,0 v1 h1 v-1 z' wallCutOutOnBothSides='true'/>
  <pieceOfFurniture level='level0' catalogId='LucaPresidente#mensolaAzzurra' name='Blue shelf' creator='LucaPresidente' model='4/mensolaAzzurra.obj' x='2356.7278' y='1985.1835' elevation='241.3' width='162.56' depth='144.78' height='5.08' color='FFA2956E' modelRotation='0 0 1 0 1 0 -1 0 0' modelSize='1323'/>
  <doorOrWindow level='level0' catalogId='eTeks#serviceHatch' name='Service hatch' creator='eTeks' model='6' x='1524.2076' y='1040.4572' angle='3.1415927' width='208.28' widthInPlan='208.28008' depth='30.48' depthInPlan='30.479996' height='220.98' heightInPlan='220.98003' color='FFDDDDDD' modelSize='2316' movable='false' cutOutShape='M0,0 v1 h1 v-1 z'/>
  <doorOrWindow level='level0' catalogId='eTeks#serviceHatch' name='Service hatch' creator='eTeks' model='6' x='1096.6001' y='1036.6467' width='177.8' widthInPlan='177.80003' depth='38.10075' height='220.98' color='FFDDDDDD' modelSize='2316' movable='false' cutOutShape='M0,0 v1 h1 v-1 z'/>
  <doorOrWindow level='level0' catalogId='eTeks#serviceHatch' name='Service hatch' creator='eTeks' model='6' x='672.73596' y='1036.6467' angle='3.1415927' width='132.08' depth='38.10075' height='220.98' color='FFDDDDDD' modelSize='2316' movable='false' cutOutShape='M0,0 v1 h1 v-1 z'/>
  <doorOrWindow level='level0' catalogId='eTeks#serviceHatch' name='Service hatch' creator='eTeks' model='6' x='300.26456' y='1036.6467' width='114.299995' widthInPlan='114.3' depth='38.10075' height='220.98' color='FFDDDDDD' modelSize='2316' movable='false' cutOutShape='M0,0 v1 h1 v-1 z'/>
  <doorOrWindow level='level0' catalogId='eTeks#serviceHatch' name='Service hatch' creator='eTeks' model='6' x='675.36115' y='681.33545' width='132.08' depth='38.10075' height='220.98' color='FFDDDDDD' modelSize='2316' movable='false' cutOutShape='M0,0 v1 h1 v-1 z'/>
  <doorOrWindow level='level0' catalogId='eTeks#serviceHatch' name='Service hatch' creator='eTeks' model='6' x='288.18805' y='681.33545' width='114.299995' depth='38.10075' height='220.98' color='FFDDDDDD' modelSize='2316' movable='false' cutOutShape='M0,0 v1 h1 v-1 z'/>
  <doorOrWindow level='level0' catalogId='eTeks#serviceHatch' name='Service hatch' creator='eTeks' model='6' x='1776.4326' y='1287.9932' angle='1.5707964' width='208.28' depth='38.10075' height='220.98' color='FFDDDDDD' modelSize='2316' movable='false' cutOutShape='M0,0 v1 h1 v-1 z'/>
  <doorOrWindow level='level0' catalogId='eTeks#serviceHatch' name='Service hatch' creator='eTeks' model='6' x='1776.4326' y='1754.4688' angle='4.712389' width='152.4' widthInPlan='152.40002' depth='38.10075' height='220.98' color='FFDDDDDD' modelSize='2316' movable='false' cutOutShape='M0,0 v1 h1 v-1 z'/>
  <doorOrWindow level='level0' catalogId='eTeks#serviceHatch' name='Service hatch' creator='eTeks' model='6' x='1776.4326' y='1980.7648' angle='4.712389' width='119.38' depth='38.10075' height='220.98' color='FFDDDDDD' modelSize='2316' movable='false' cutOutShape='M0,0 v1 h1 v-1 z'/>
  <doorOrWindow level='level0' catalogId='eTeks#serviceHatch' name='Service hatch' creator='eTeks' model='6' x='1776.4326' y='2170.18' angle='1.5707964' width='129.54' depth='38.10075' height='220.98' color='FFDDDDDD' modelSize='2316' movable='false' cutOutShape='M0,0 v1 h1 v-1 z'/>
  <doorOrWindow level='level0' catalogId='eTeks#serviceHatch' name='Service hatch' creator='eTeks' model='6' x='2461.433' y='2168.096' angle='1.5707964' width='129.54' depth='38.10075' height='220.98' color='FFDDDDDD' modelSize='2316' movable='false' cutOutShape='M0,0 v1 h1 v-1 z'/>
  <doorOrWindow level='level0' catalogId='eTeks#serviceHatch' name='Service hatch' creator='eTeks' model='6' x='2251.4126' y='1762.0352' angle='4.712389' width='116.84' widthInPlan='116.840004' depth='38.10075' height='220.98' color='FFDDDDDD' modelSize='2316' movable='false' cutOutShape='M0,0 v1 h1 v-1 z'/>
  <doorOrWindow level='level0' catalogId='eTeks#serviceHatch' name='Service hatch' creator='eTeks' model='6' x='489.72385' y='1548.5968' angle='4.712389' width='152.4' depth='38.10075' height='220.98' color='FFDDDDDD' modelSize='2316' movable='false' cutOutShape='M0,0 v1 h1 v-1 z'/>
  <doorOrWindow level='level1' catalogId='eTeks#serviceHatch' name='Service hatch' creator='eTeks' model='6' x='1534.0416' y='1036.6467' width='208.28' depth='38.10075' height='220.98' color='FFDDDDDD' modelSize='2316' movable='false' cutOutShape='M0,0 v1 h1 v-1 z'/>
  <doorOrWindow level='level1' catalogId='eTeks#serviceHatch' name='Service hatch' creator='eTeks' model='6' x='1096.6001' y='1036.6467' width='177.8' widthInPlan='177.80003' depth='38.10075' height='220.98' color='FFDDDDDD' modelSize='2316' movable='false' cutOutShape='M0,0 v1 h1 v-1 z'/>
  <doorOrWindow level='level1' catalogId='eTeks#serviceHatch' name='Service hatch' creator='eTeks' model='6' x='672.73596' y='1036.6467' angle='3.1415927' width='132.08' depth='38.10075' height='220.98' color='FFDDDDDD' modelSize='2316' movable='false' cutOutShape='M0,0 v1 h1 v-1 z'/>
  <doorOrWindow level='level1' catalogId='eTeks#serviceHatch' name='Service hatch' creator='eTeks' model='6' x='300.26456' y='1036.6467' width='114.299995' widthInPlan='114.3' depth='38.10075' height='220.98' color='FFDDDDDD' modelSize='2316' movable='false' cutOutShape='M0,0 v1 h1 v-1 z'/>
  <doorOrWindow level='level1' catalogId='eTeks#serviceHatch' name='Service hatch' creator='eTeks' model='6' x='675.36115' y='681.33545' width='132.08' depth='38.10075' height='220.98' color='FFDDDDDD' modelSize='2316' movable='false' cutOutShape='M0,0 v1 h1 v-1 z'/>
  <doorOrWindow level='level1' catalogId='eTeks#serviceHatch' name='Service hatch' creator='eTeks' model='6' x='288.18805' y='681.33545' width='114.299995' depth='38.10075' height='220.98' color='FFDDDDDD' modelSize='2316' movable='false' cutOutShape='M0,0 v1 h1 v-1 z'/>
  <doorOrWindow level='level1' catalogId='eTeks#serviceHatch' name='Service hatch' creator='eTeks' model='6' x='1776.4326' y='1287.9932' angle='1.5707964' width='208.28' depth='38.10075' height='220.98' color='FFA8A8A8' modelSize='2316' movable='false' cutOutShape='M0,0 v1 h1 v-1 z'/>
  <doorOrWindow level='level1' catalogId='eTeks#serviceHatch' name='Service hatch' creator='eTeks' model='6' x='1776.4326' y='1754.4688' angle='4.712389' width='152.4' widthInPlan='152.40002' depth='38.10075' height='220.98' color='FFDDDDDD' modelSize='2316' movable='false' cutOutShape='M0,0 v1 h1 v-1 z'/>
  <doorOrWindow level='level1' catalogId='eTeks#serviceHatch' name='Service hatch' creator='eTeks' model='6' x='1776.4326' y='2170.18' angle='1.5707964' width='129.54' depth='38.10075' height='220.98' color='FFDDDDDD' modelSize='2316' movable='false' cutOutShape='M0,0 v1 h1 v-1 z'/>
  <doorOrWindow level='level1' catalogId='eTeks#serviceHatch' name='Service hatch' creator='eTeks' model='6' x='489.72385' y='1548.5968' angle='4.712389' width='152.4' depth='38.10075' height='220.98' color='FFDDDDDD' modelSize='2316' movable='false' cutOutShape='M0,0 v1 h1 v-1 z'/>
  <pieceOfFurniture level='level1' name='Simple Steps' model='8/Stairs%20N160808.3DS' x='3516.4038' y='1660.072' elevation='187.95999' angle='5.497787' width='0.3175' widthInPlan='0.3175001' depth='0.3175' depthInPlan='0.31750008' height='101.917496' modelSize='34711'/>
  <pieceOfFurniture level='level1' name='Simple Steps' model='8/Stairs%20N160808.3DS' x='1363.9717' y='3649.0295' elevation='187.95999' angle='5.497787' width='0.3175' widthInPlan='0.3175001' depth='0.3175' depthInPlan='0.31750008' height='101.917496' modelSize='34711'/>
  <pieceOfFurniture level='level1' name='Simple Steps' model='8/Stairs%20N160808.3DS' x='-1275.7192' y='1531.2078' elevation='187.95999' angle='5.497787' width='0.3175' widthInPlan='0.3175001' depth='0.3175' depthInPlan='0.31750005' height='101.917496' modelSize='34711'/>
  <pieceOfFurniture level='level1' name='Simple Steps' model='8/Stairs%20N160808.3DS' x='654.22595' y='-773.8435' elevation='187.95999' angle='5.497787' width='0.3175' widthInPlan='0.31750017' depth='0.3175' depthInPlan='0.3175001' height='101.917496' modelSize='34711'/>
  <pieceOfFurniture level='level0' name='Simple Steps' model='8/Stairs%20N160808.3DS' x='2162.5796' y='1986.3716' elevation='104.14' angle='0.7853982' width='193.04' widthInPlan='193.03995' depth='187.95999' depthInPlan='187.96002' height='109.22' heightInPlan='109.220055' modelSize='34711'/>
  <pieceOfFurniture level='level0' name='Simple Steps' model='8/Stairs%20N160808.3DS' x='2252.375' y='1989.2504' elevation='142.23999' angle='0.7853982' width='193.04' widthInPlan='193.03993' depth='187.95999' depthInPlan='187.96002' height='101.6' heightInPlan='101.600044' modelSize='34711'/>
  <pieceOfFurniture level='level0' name='Simple Steps' model='8/Stairs%20N160808.3DS' x='2357.8625' y='1859.9895' elevation='226.06' angle='5.497787' width='208.28' widthInPlan='208.27989' depth='203.2' height='91.44' heightInPlan='91.44005' modelSize='34711'/>
  <pieceOfFurniture level='level0' name='Simple Steps' model='8/Stairs%20N160808.3DS' x='2358.1091' y='1748.2878' elevation='320.04' angle='5.497787' width='208.28' widthInPlan='208.27989' depth='203.2' height='91.44' heightInPlan='91.44005' modelSize='34711'/>
  <pieceOfFurniture level='level0' name='Simple Steps' model='8/Stairs%20N160808.3DS' x='2049.0745' y='1990.1613' angle='0.7853982' width='193.04' widthInPlan='193.03995' depth='187.95999' depthInPlan='187.96002' height='109.22' heightInPlan='109.220055' modelSize='34711'/>
  <doorOrWindow level='level1' catalogId='eTeks#serviceHatch' name='Service hatch' creator='eTeks' model='6' x='2367.336' y='1586.8403' width='152.4' depth='38.10075' height='220.98' color='FFDDDDDD' modelSize='2316' movable='false' cutOutShape='M0,0 v1 h1 v-1 z'/>
  <pieceOfFurniture level='level0' name='Simple Steps' model='8/Stairs%20N160808.3DS' x='2360.035' y='1665.0115' elevation='363.22' angle='5.497787' width='208.28' widthInPlan='208.27989' depth='203.2' height='91.44' heightInPlan='91.44005' modelSize='34711'/>
  <pieceOfFurniture level='level1' catalogId='Kator Legaz#iron-railing-02' name='Iron railing' creator='Kator Legaz' model='10/iron-railing-02.obj' x='909.7851' y='2369.942' elevation='20.0025' width='144.78' depth='22.86' depthInPlan='22.860006' height='69.85' modelSize='7480' movable='false'/>
  <pieceOfFurniture level='level1' catalogId='Kator Legaz#iron-railing-02' name='Iron railing' creator='Kator Legaz' model='10/iron-railing-02.obj' x='1175.6584' y='2382.0103' elevation='20.0025' width='144.78' depth='22.86' depthInPlan='22.860006' height='69.85' modelSize='7480' movable='false'/>
  <pieceOfFurniture level='level0' catalogId='Kator Legaz#iron-railing-02' name='Iron railing' creator='Kator Legaz' model='10/iron-railing-02.obj' x='909.7851' y='2369.942' elevation='20.0025' width='144.78' depth='22.86' depthInPlan='22.860006' height='69.85' modelSize='7480' movable='false'/>
  <pieceOfFurniture level='level0' catalogId='Kator Legaz#iron-railing-02' name='Iron railing' creator='Kator Legaz' model='10/iron-railing-02.obj' x='1175.6584' y='2382.0103' elevation='20.0025' width='144.78' depth='22.86' depthInPlan='22.860006' height='69.85' modelSize='7480' movable='false'/>
  <pieceOfFurniture level='level0' name='pillar-obj' model='12/pillar.obj' x='823.84784' y='1352.5898' width='58.42' depth='63.5' depthInPlan='63.499992' height='452.11996' color='FFB3B3B3' modelSize='38287'/>
  <pieceOfFurniture level='level0' name='pillar-obj' model='12/pillar.obj' x='1122.8635' y='1347.4329' width='58.42' depth='63.5' height='452.12' color='FFB3B3B3' modelSize='38287'/>
  <pieceOfFurniture level='level0' name='pillar-obj' model='12/pillar.obj' x='1447.0364' y='1346.5177' width='58.42' depth='63.5' height='452.12' color='FFB3B3B3' modelSize='38287'/>
  <pieceOfFurniture level='level0' name='pillar-obj' model='12/pillar.obj' x='1447.6194' y='1642.4575' width='58.42' depth='63.5' height='452.12' color='FFB3B3B3' modelSize='38287'/>
  <pieceOfFurniture level='level0' name='pillar-obj' model='12/pillar.obj' x='1449.9062' y='1953.4912' width='58.42' depth='63.5' height='452.12' color='FFB3B3B3' modelSize='38287'/>
  <pieceOfFurniture level='level0' name='pillar-obj' model='12/pillar.obj' x='1129.7246' y='1958.0654' width='58.42' depth='63.5' height='452.12' color='FFB3B3B3' modelSize='38287'/>
  <pieceOfFurniture level='level0' name='pillar-obj' model='12/pillar.obj' x='831.8296' y='1952.9082' width='58.42' depth='63.5' height='452.12' color='FFB3B3B3' modelSize='38287'/>
  <pieceOfFurniture level='level0' name='pillar-obj' model='12/pillar.obj' x='814.1167' y='1642.4575' width='58.42' depth='63.5' height='452.12' color='FFB3B3B3' modelSize='38287'/>
  <pieceOfFurniture level='level1' name='roof-obj' model='14/roof.obj' x='1277.9321' y='1235.6653' elevation='457.19998' width='2392.68' widthInPlan='2392.6804' depth='2240.28' depthInPlan='2240.2805' height='731.52' modelSize='97780'>
    <texture name='Square roof slates' creator='Scopia' catalogId='eTeksScopia#square-roof-slates' width='150.0' height='150.0' image='15'/>
  </pieceOfFurniture>
  <wall id='wall0' level='level0' wallAtStart='wall43' wallAtEnd='wall39' xStart='96.023865' yStart='2339.462' xEnd='96.023865' yEnd='129.66187' height='452.11996' thickness='38.1' pattern='hatchUp'/>
  <wall id='wall1' level='level0' wallAtStart='wall42' xStart='2461.433' yStart='131.65454' xEnd='2461.433' yEnd='2359.2346' height='452.11996' thickness='38.1' pattern='hatchUp'/>
  <wall id='wall2' level='level0' xStart='851.0277' yStart='129.66187' xEnd='1355.6992' yEnd='129.66187' height='452.11996' thickness='38.1' pattern='hatchUp'/>
  <wall id='wall3' level='level0' xStart='2461.433' yStart='1036.6467' xEnd='2461.433' yEnd='1547.1868' height='243.84' thickness='7.62' pattern='hatchUp'/>
  <wall id='wall4' level='level0' xStart='458.92188' yStart='129.66187' xEnd='458.92184' yEnd='1036.6467' height='452.11996' thickness='38.1' pattern='hatchUp'/>
  <wall id='wall5' level='level0' xStart='851.0277' yStart='118.800354' xEnd='851.0278' yEnd='1036.6467' height='452.11996' thickness='38.1' pattern='hatchUp'/>
  <wall id='wall6' level='level0' xStart='1355.6992' yStart='118.800354' xEnd='1355.6992' yEnd='1025.5803' height='452.11996' thickness='38.1' pattern='hatchUp'/>
  <wall id='wall7' level='level0' xStart='96.023865' yStart='681.33545' xEnd='851.02783' yEnd='681.33545' height='452.11996' thickness='38.1' pattern='hatchUp'/>
  <wall id='wall8' level='level0' xStart='1776.4326' yStart='1166.6509' xEnd='1776.4326' yEnd='2324.8909' height='452.11996' thickness='38.1' pattern='hatchUp'/>
  <wall id='wall9' level='level0' xStart='1776.4326' yStart='1586.8403' xEnd='2461.433' yEnd='1586.8403' height='452.11996' thickness='38.1' pattern='hatchUp'/>
  <wall id='wall10' level='level0' xStart='1776.4326' yStart='2078.2256' xEnd='2461.433' yEnd='2078.2256' height='452.11996' thickness='38.1' pattern='hatchUp'/>
  <wall id='wall11' level='level0' wallAtEnd='wall12' xStart='1776.4326' yStart='1896.104' xEnd='2251.4126' yEnd='1896.104' height='452.11996' thickness='38.1' pattern='hatchUp'/>
  <wall id='wall12' level='level0' wallAtStart='wall11' xStart='2251.4126' yStart='1896.104' xEnd='2251.4126' yEnd='1586.8403' height='452.11996' thickness='38.1' pattern='hatchUp'/>
  <wall id='wall13' level='level0' wallAtEnd='wall14' xStart='96.023865' yStart='1222.075' xEnd='489.72385' yEnd='1222.075' height='452.11996' thickness='38.1' pattern='hatchUp'/>
  <wall id='wall14' level='level0' wallAtStart='wall13' xStart='489.72385' yStart='1222.075' xEnd='489.72385' yEnd='2004.395' height='452.11996' thickness='38.1' pattern='hatchUp'/>
  <wall id='wall15' level='level0' xStart='489.72385' yStart='1896.104' xEnd='96.023865' yEnd='1896.104' height='452.11996' thickness='38.1' pattern='hatchUp'/>
  <wall id='wall16' level='level0' xStart='1776.4326' yStart='1055.2163' xEnd='1776.4326' yEnd='1184.7563' height='452.11996' thickness='38.1' pattern='hatchUp'/>
  <wall id='wall17' level='level0' xStart='2444.3035' yStart='2054.394' xEnd='2444.3035' yEnd='1923.584' height='243.84' thickness='7.62' pattern='hatchUp'/>
  <wall id='wall18' level='level1' xStart='2461.433' yStart='2238.5308' xEnd='2461.433' yEnd='2324.8909' height='243.84' thickness='38.1' pattern='hatchUp'/>
  <wall id='wall19' level='level1' wallAtEnd='wall20' xStart='83.993164' yStart='129.66187' xEnd='2461.433' yEnd='129.66187' height='452.11996' thickness='38.1' pattern='hatchUp'/>
  <wall id='wall20' level='level1' wallAtStart='wall19' xStart='2461.433' yStart='129.66187' xEnd='2461.433' yEnd='2359.2346' height='452.11996' thickness='38.1' pattern='hatchUp'/>
  <wall id='wall21' level='level1' xStart='866.7448' yStart='129.66187' xEnd='1326.4849' yEnd='129.66187' height='243.84' thickness='7.62' pattern='hatchUp'/>
  <wall id='wall22' level='level1' xStart='2393.1711' yStart='129.66187' xEnd='1392.4111' yEnd='129.66196' height='243.84' thickness='7.62' pattern='hatchUp'/>
  <wall id='wall23' level='level1' xStart='2461.433' yStart='1036.6467' xEnd='2461.433' yEnd='1547.1868' height='243.84' thickness='7.62' pattern='hatchUp'/>
  <wall id='wall24' level='level1' xStart='96.023865' yStart='1036.6467' xEnd='2461.433' yEnd='1036.6467' height='452.11996' thickness='38.1' pattern='hatchUp'/>
  <wall id='wall25' level='level1' xStart='458.92188' yStart='129.66187' xEnd='458.92184' yEnd='1036.6467' height='452.11996' thickness='38.1' pattern='hatchUp'/>
  <wall id='wall26' level='level1' xStart='851.02783' yStart='129.66187' xEnd='851.0278' yEnd='1036.6467' height='452.11996' thickness='38.1' pattern='hatchUp'/>
  <wall id='wall27' level='level1' xStart='1361.6775' yStart='129.66187' xEnd='1361.6775' yEnd='1041.5219' height='452.11996' thickness='38.1' pattern='hatchUp'/>
  <wall id='wall28' level='level1' xStart='96.023865' yStart='681.33545' xEnd='851.02783' yEnd='681.33545' height='452.11996' thickness='38.1' pattern='hatchUp'/>
  <wall id='wall29' level='level1' xStart='1776.4326' yStart='1166.6509' xEnd='1776.4326' yEnd='2324.8909' height='452.11996' thickness='38.1' pattern='hatchUp'/>
  <wall id='wall30' level='level1' xStart='1776.4326' yStart='1586.8403' xEnd='2461.433' yEnd='1586.8403' height='452.11996' thickness='38.1' pattern='hatchUp'/>
  <wall id='wall31' level='level1' xStart='1776.4326' yStart='2078.2256' xEnd='2461.433' yEnd='2078.2256' height='452.11996' thickness='38.1' pattern='hatchUp'/>
  <wall id='wall32' level='level1' wallAtEnd='wall33' xStart='1776.4326' yStart='1896.104' xEnd='2251.4126' yEnd='1896.104' height='452.11996' thickness='38.1' pattern='hatchUp'/>
  <wall id='wall33' level='level1' wallAtStart='wall32' xStart='2251.4126' yStart='1896.104' xEnd='2251.4126' yEnd='1586.8403' height='452.11996' thickness='38.1' pattern='hatchUp'/>
  <wall id='wall34' level='level1' wallAtEnd='wall35' xStart='96.023865' yStart='1222.075' xEnd='489.72385' yEnd='1222.075' height='452.11996' thickness='38.1' pattern='hatchUp'/>
  <wall id='wall35' level='level1' wallAtStart='wall34' xStart='489.72385' yStart='1222.075' xEnd='489.72385' yEnd='2004.395' height='452.11996' thickness='38.1' pattern='hatchUp'/>
  <wall id='wall36' level='level1' xStart='489.72385' yStart='1896.104' xEnd='96.023865' yEnd='1896.104' height='452.11996' thickness='38.1' pattern='hatchUp'/>
  <wall id='wall37' level='level1' xStart='1776.4326' yStart='1055.2163' xEnd='1776.4326' yEnd='1184.7563' height='452.11996' thickness='38.1' pattern='hatchUp'/>
  <wall id='wall38' level='level1' xStart='2444.3035' yStart='2054.394' xEnd='2444.3035' yEnd='1923.584' height='243.84' thickness='7.62' pattern='hatchUp'/>
  <wall id='wall39' level='level0' wallAtStart='wall0' wallAtEnd='wall42' xStart='96.023865' yStart='129.66187' xEnd='851.02783' yEnd='129.66187' height='452.11996' thickness='38.1' pattern='hatchUp'/>
  <wall id='wall40' level='level0' wallAtEnd='wall41' xStart='96.023865' yStart='1036.6467' xEnd='851.02783' yEnd='1036.6467' height='452.11996' thickness='38.1' pattern='hatchUp'/>
  <wall id='wall41' level='level0' wallAtStart='wall40' xStart='851.02783' yStart='1036.6467' xEnd='2461.433' yEnd='1036.6467' height='452.11996' thickness='38.1' pattern='hatchUp'/>
  <wall id='wall42' level='level0' wallAtStart='wall39' wallAtEnd='wall1' xStart='851.02783' yStart='129.66187' xEnd='2461.433' yEnd='131.65454' height='452.11996' thickness='38.1' pattern='hatchUp'/>
  <wall id='wall43' level='level0' wallAtStart='wall0' xStart='96.023865' yStart='2339.462' xEnd='2473.4639' yEnd='2339.462' height='452.11996' thickness='38.1' pattern='hatchUp'/>
  <wall id='wall44' level='level1' xStart='96.023865' yStart='2339.462' xEnd='2473.4639' yEnd='2339.462' height='452.11996' thickness='38.1' pattern='hatchUp'/>
  <wall id='wall45' level='level1' xStart='96.023766' yStart='2359.2346' xEnd='96.023766' yEnd='108.79468' height='452.11996' thickness='38.1' pattern='hatchUp'/>
  <room level='level0' areaVisible='true' floorColor='FFA8A8A8' ceilingColor='FFA8A8A8'>
    <point x='870.0778' y='148.71187'/>
    <point x='1326.4849' y='148.71187'/>
    <point x='1326.4849' y='1017.59674'/>
    <point x='870.07776' y='1017.5967'/>
  </room>
  <room level='level0' areaVisible='true' floorColor='FFA8A8A8' ceilingColor='FFA8A8A8'>
    <point x='250.15723' y='1043.8146'/>
    <point x='250.15723' y='1062.8896'/>
    <point x='122.26648' y='1062.8896'/>
    <point x='122.26648' y='1210.2178'/>
    <point x='515.96643' y='1210.2178'/>
    <point x='515.96643' y='1479.3898'/>
    <point x='496.89148' y='1479.3898'/>
    <point x='496.89148' y='1632.1896'/>
    <point x='515.96643' y='1632.1896'/>
    <point x='515.96643' y='2011.5879'/>
    <point x='477.8665' y='2011.5879'/>
    <point x='477.8665' y='1922.3469'/>
    <point x='122.26648' y='1922.3469'/>
    <point x='115.07387' y='2320.4119'/>
    <point x='1059.9539' y='2320.4119'/>
    <point x='1103.6838' y='2313.0334'/>
    <point x='1078.7306' y='2288.0803'/>
    <point x='1103.684' y='2313.0337'/>
    <point x='1103.6838' y='2313.0334'/>
    <point x='1764.5752' y='2313.0334'/>
    <point x='1764.5752' y='2242.3125'/>
    <point x='1783.6503' y='2242.3125'/>
    <point x='1783.6503' y='2112.4326'/>
    <point x='1764.5752' y='2112.4326'/>
    <point x='1764.5752' y='2047.8041'/>
    <point x='1783.6503' y='2047.8041'/>
    <point x='1783.6503' y='1928.111'/>
    <point x='1764.5752' y='1928.111'/>
    <point x='1764.5752' y='1838.0615'/>
    <point x='1783.6503' y='1838.0615'/>
    <point x='1783.6503' y='1685.2616'/>
    <point x='1764.5752' y='1685.2616'/>
    <point x='1764.5752' y='1191.9492'/>
    <point x='1764.5752' y='1062.8896'/>
    <point x='1635.882' y='1062.8896'/>
    <point x='1635.882' y='1047.6249'/>
    <point x='1426.9186' y='1047.6249'/>
    <point x='1426.9186' y='1062.8896'/>
    <point x='1192.926' y='1062.8896'/>
    <point x='1192.926' y='1043.8146'/>
    <point x='1014.6594' y='1043.8146'/>
    <point x='1014.6594' y='1062.8896'/>
    <point x='746.1419' y='1062.8896'/>
    <point x='746.1419' y='1043.8146'/>
    <point x='613.7152' y='1043.8146'/>
    <point x='613.7152' y='1062.8896'/>
    <point x='364.75717' y='1062.8896'/>
    <point x='364.75717' y='1043.8146'/>
  </room>
  <room level='level0' areaVisible='true' floorColor='FFA8A8A8' ceilingColor='FFA8A8A8'>
    <point x='483.31464' y='153.24268'/>
    <point x='831.97784' y='148.71187'/>
    <point x='831.97784' y='662.28546'/>
    <point x='477.97183' y='662.2855'/>
  </room>
  <room level='level0' areaVisible='true' floorColor='FFA8A8A8' ceilingColor='FFA8A8A8'>
    <point x='116.89508' y='154.95068'/>
    <point x='439.8719' y='148.71187'/>
    <point x='439.87186' y='662.2855'/>
    <point x='115.07387' y='662.2855'/>
  </room>
  <room level='level0' areaVisible='true' floorColor='FFA8A8A8' ceilingColor='FFA8A8A8'>
    <point x='1387.7585' y='156.26985'/>
    <point x='2442.383' y='156.26985'/>
    <point x='2442.383' y='1017.59674'/>
    <point x='1392.4111' y='1017.59686'/>
  </room>
  <room level='level0' areaVisible='true' floorColor='FFA8A8A8' ceilingColor='FFA8A8A8'>
    <point x='484.65155' y='711.36'/>
    <point x='831.97784' y='711.36'/>
    <point x='831.97784' y='1017.59674'/>
    <point x='484.65155' y='1017.59674'/>
  </room>
  <room level='level0' areaVisible='true' floorColor='FFA8A8A8' ceilingColor='FFA8A8A8'>
    <point x='125.170105' y='703.3655'/>
    <point x='439.87186' y='703.3655'/>
    <point x='439.87186' y='1009.6022'/>
    <point x='125.170105' y='1009.6022'/>
  </room>
  <room level='level0' areaVisible='true' floorColor='FFA8A8A8' ceilingColor='FFA8A8A8'>
    <point x='1808.0786' y='1054.8726'/>
    <point x='2425.915' y='1054.8726'/>
    <point x='2425.915' y='1547.1868'/>
    <point x='1808.0786' y='1547.1868'/>
  </room>
  <room level='level0' areaVisible='true' floorColor='FFA8A8A8' ceilingColor='FFA8A8A8'>
    <point x='1809.3242' y='1610.5662'/>
    <point x='2220.8042' y='1610.5662'/>
    <point x='2220.8042' y='1868.8713'/>
    <point x='1809.3242' y='1868.8713'/>
  </room>
  <room level='level0' areaVisible='true' floorColor='FFA8A8A8' ceilingColor='FFA8A8A8'>
    <point x='124.64319' y='1256.5435'/>
    <point x='470.67386' y='1241.125'/>
    <point x='470.67386' y='1853.265'/>
    <point x='122.26648' y='1853.265'/>
  </room>
  <room level='level0' areaVisible='true' floorColor='FFA8A8A8' ceilingColor='FFA8A8A8'>
    <point x='1804.1497' y='2105.2876'/>
    <point x='2440.4934' y='2105.2876'/>
    <point x='2442.383' y='2305.8408'/>
    <point x='1804.1497' y='2305.8408'/>
  </room>
  <room level='level0' areaVisible='true' floorColor='FFA8A8A8' ceilingColor='FFA8A8A8'>
    <point x='1795.4827' y='1915.154'/>
    <point x='2440.4934' y='1915.154'/>
    <point x='2440.4934' y='2054.394'/>
    <point x='1804.1497' y='2054.394'/>
  </room>
  <room level='level0' areaVisible='true' floorColor='FFA8A8A8' ceilingColor='FFA8A8A8'>
    <point x='2270.4626' y='1605.8904'/>
    <point x='2438.6047' y='1608.988'/>
    <point x='2438.6047' y='1802.028'/>
    <point x='2270.4626' y='1802.028'/>
  </room>
  <room level='level1' areaVisible='true' floorColor='FFA8A8A8' ceilingColor='FFA8A8A8'>
    <point x='116.89508' y='154.95068'/>
    <point x='439.8719' y='148.71187'/>
    <point x='439.87186' y='662.2855'/>
    <point x='115.07387' y='662.2855'/>
  </room>
  <room level='level1' areaVisible='true' floorColor='FFA8A8A8' ceilingColor='FFA8A8A8'>
    <point x='483.31464' y='153.24268'/>
    <point x='831.97784' y='148.71187'/>
    <point x='831.97784' y='662.28546'/>
    <point x='477.97183' y='662.2855'/>
  </room>
  <room level='level1' areaVisible='true' floorColor='FFA8A8A8' ceilingColor='FFA8A8A8'>
    <point x='870.0778' y='148.71187'/>
    <point x='1326.4849' y='148.71187'/>
    <point x='1326.4849' y='1017.59674'/>
    <point x='870.07776' y='1017.5967'/>
  </room>
  <room level='level1' areaVisible='true' floorColor='FFA8A8A8' ceilingColor='FFA8A8A8'>
    <point x='1387.7585' y='156.26985'/>
    <point x='2442.383' y='156.26985'/>
    <point x='2442.383' y='1017.59674'/>
    <point x='1392.4111' y='1017.59686'/>
  </room>
  <room level='level1' areaVisible='true' floorColor='FFA8A8A8' ceilingColor='FFA8A8A8'>
    <point x='125.170105' y='703.3655'/>
    <point x='439.87186' y='703.3655'/>
    <point x='439.87186' y='1009.6022'/>
    <point x='125.170105' y='1009.6022'/>
  </room>
  <room level='level1' areaVisible='true' floorColor='FFA8A8A8' ceilingColor='FFA8A8A8'>
    <point x='484.65155' y='711.36'/>
    <point x='831.97784' y='711.36'/>
    <point x='831.97784' y='1017.59674'/>
    <point x='484.65155' y='1017.59674'/>
  </room>
  <room level='level1' areaVisible='true' floorColor='FFA8A8A8' ceilingColor='FFA8A8A8'>
    <point x='124.64319' y='1256.5435'/>
    <point x='470.67386' y='1241.125'/>
    <point x='470.67386' y='1853.265'/>
    <point x='122.26648' y='1853.265'/>
  </room>
  <room level='level1' areaVisible='true' floorColor='FFA8A8A8' ceilingColor='FFA8A8A8'>
    <point x='1808.0786' y='1054.8726'/>
    <point x='2425.915' y='1054.8726'/>
    <point x='2425.915' y='1547.1868'/>
    <point x='1808.0786' y='1547.1868'/>
  </room>
  <room level='level1' areaVisible='true' floorColor='FFA8A8A8' ceilingColor='FFA8A8A8'>
    <point x='1809.3242' y='1610.5662'/>
    <point x='2220.8042' y='1610.5662'/>
    <point x='2220.8042' y='1868.8713'/>
    <point x='1809.3242' y='1868.8713'/>
  </room>
  <room level='level1' areaVisible='true' floorColor='FFA8A8A8' ceilingVisible='false' ceilingColor='FFA8A8A8'>
    <point x='1804.1497' y='2105.2876'/>
    <point x='2440.4934' y='2105.2876'/>
    <point x='2442.383' y='2305.8408'/>
    <point x='1804.1497' y='2305.8408'/>
  </room>
  <room level='level1' areaVisible='true' floorColor='FFA8A8A8' ceilingVisible='false'>
    <point x='115.07387' y='2320.4119'/>
    <point x='1757.3826' y='2320.4119'/>
    <point x='1757.3826' y='1055.2163'/>
    <point x='122.26648' y='1055.2162'/>
    <point x='122.26648' y='1210.2178'/>
    <point x='515.96643' y='1210.2178'/>
    <point x='515.96643' y='1987.4578'/>
    <point x='477.8665' y='2011.5879'/>
    <point x='470.67386' y='1915.154'/>
    <point x='122.26648' y='1922.3469'/>
    <point x='115.07387' y='2320.4119'/>
  </room>
</home>