<?xml version='1.0'?>
<home version='6000' exportFlags='17' name='BasicPlan1_Twostoreys_extended_full.sh3d' camera='topCamera' selectedLevel='level2' wallHeight='243.84'>
  <environment groundColor='FFC9C9C9' backgroundImageVisibleOnGround3D='true' skyColor='00CCE4FC' lightColor='00ADADAD'/>
  <observerCamera attribute='observerCamera' lens='PINHOLE' x='13625.065' y='7097.9985' z='1289.4478' yaw='8.111732' pitch='0.14634925' fieldOfView='1.0995575' time='1552219200000' fixedSize='true'/>
  <camera attribute='topCamera' lens='PINHOLE' x='23358.537' y='9928.164' z='10669.348' yaw='-17.09305' pitch='0.49999964' fieldOfView='1.0995575' time='1552219200000'/>
  <level id='level0' name='Level 0' elevation='0.0' floorThickness='12.0' height='243.84' elevationIndex='0'>
    <backgroundImage image='3' scaleDistance='2507.0' scaleDistanceXStart='916.50415' scaleDistanceYStart='670.83746' scaleDistanceXEnd='1301.1958' scaleDistanceYEnd='654.925'/>
  </level>
  <level id='level1' name='Level 1' elevation='457.1' floorThickness='12.0' height='243.8' elevationIndex='0'/>
  <level id='level2' name='Level 2' elevation='912.80005' floorThickness='12.0' height='243.84' elevationIndex='0'/>
  <doorOrWindow level='level0' catalogId='eTeks#doorFrame' name='Door frame' creator='eTeks' model='1' x='7831.452' y='3952.788' angle='6.283185' width='125.700005' depth='9.678149' height='208.3' modelSize='1281' movable='false' cutOutShape='M0,0 v1 h1 v-1 z' wallCutOutOnBothSides='true'/>
  <doorOrWindow level='level0' catalogId='eTeks#doorFrame' name='Door frame' creator='eTeks' model='1' x='8231.658' y='4134.91' angle='6.283185' width='88.9' depth='9.678149' height='208.3' modelSize='1281' movable='false' cutOutShape='M0,0 v1 h1 v-1 z' wallCutOutOnBothSides='true'/>
  <pieceOfFurniture level='level0' catalogId='LucaPresidente#mensolaAzzurra' name='Blue shelf' creator='LucaPresidente' model='4/mensolaAzzurra.obj' x='8283.232' y='4041.8545' elevation='241.3' angle='6.283185' width='162.6' depth='144.8' height='5.1' color='FFA2956E' modelRotation='0 0 1 0 1 0 -1 0 0' modelSize='1323'/>
  <doorOrWindow level='level0' catalogId='eTeks#serviceHatch' name='Service hatch' creator='eTeks' model='6' x='7450.711' y='3097.1292' angle='3.1415925' width='208.3' depth='30.48' height='221.0' color='FFDDDDDD' modelSize='2316' movable='false' cutOutShape='M0,0 v1 h1 v-1 z'/>
  <doorOrWindow level='level0' catalogId='eTeks#serviceHatch' name='Service hatch' creator='eTeks' model='6' x='7023.1035' y='3093.3186' angle='6.283185' width='177.8' depth='38.10075' height='221.0' color='FFDDDDDD' modelSize='2316' movable='false' cutOutShape='M0,0 v1 h1 v-1 z'/>
  <doorOrWindow level='level0' catalogId='eTeks#serviceHatch' name='Service hatch' creator='eTeks' model='6' x='6599.2393' y='3093.3186' angle='3.1415925' width='132.1' depth='38.10075' height='221.0' color='FFDDDDDD' modelSize='2316' movable='false' cutOutShape='M0,0 v1 h1 v-1 z'/>
  <doorOrWindow level='level0' catalogId='eTeks#serviceHatch' name='Service hatch' creator='eTeks' model='6' x='6226.768' y='3093.3186' angle='6.283185' width='114.3' depth='38.10075' height='221.0' color='FFDDDDDD' modelSize='2316' movable='false' cutOutShape='M0,0 v1 h1 v-1 z'/>
  <doorOrWindow level='level0' catalogId='eTeks#serviceHatch' name='Service hatch' creator='eTeks' model='6' x='6601.865' y='2738.0073' angle='6.283185' width='132.1' depth='38.10075' height='221.0' color='FFDDDDDD' modelSize='2316' movable='false' cutOutShape='M0,0 v1 h1 v-1 z'/>
  <doorOrWindow level='level0' catalogId='eTeks#serviceHatch' name='Service hatch' creator='eTeks' model='6' x='6214.6914' y='2738.0073' angle='6.283185' width='114.3' depth='38.10075' height='221.0' color='FFDDDDDD' modelSize='2316' movable='false' cutOutShape='M0,0 v1 h1 v-1 z'/>
  <doorOrWindow level='level0' catalogId='eTeks#serviceHatch' name='Service hatch' creator='eTeks' model='6' x='7702.9355' y='3344.6653' angle='1.5707964' width='208.3' depth='38.10075' height='221.0' color='FFDDDDDD' modelSize='2316' movable='false' cutOutShape='M0,0 v1 h1 v-1 z'/>
  <doorOrWindow level='level0' catalogId='eTeks#serviceHatch' name='Service hatch' creator='eTeks' model='6' x='7702.9355' y='3811.14' angle='4.712389' width='152.40001' depth='38.10075' height='221.0' color='FFDDDDDD' modelSize='2316' movable='false' cutOutShape='M0,0 v1 h1 v-1 z'/>
  <doorOrWindow level='level0' catalogId='eTeks#serviceHatch' name='Service hatch' creator='eTeks' model='6' x='7702.9355' y='4037.4365' angle='4.712389' width='119.4' depth='38.10075' height='221.0' color='FFDDDDDD' modelSize='2316' movable='false' cutOutShape='M0,0 v1 h1 v-1 z'/>
  <doorOrWindow level='level0' catalogId='eTeks#serviceHatch' name='Service hatch' creator='eTeks' model='6' x='7702.9355' y='4226.8516' angle='1.5707964' width='129.5' depth='38.10075' height='221.0' color='FFDDDDDD' modelSize='2316' movable='false' cutOutShape='M0,0 v1 h1 v-1 z'/>
  <doorOrWindow level='level0' catalogId='eTeks#serviceHatch' name='Service hatch' creator='eTeks' model='6' x='8387.9375' y='4224.7676' angle='1.5707964' width='129.5' depth='38.10075' height='221.0' color='FFDDDDDD' modelSize='2316' movable='false' cutOutShape='M0,0 v1 h1 v-1 z'/>
  <doorOrWindow level='level0' catalogId='eTeks#serviceHatch' name='Service hatch' creator='eTeks' model='6' x='8177.916' y='3818.7063' angle='4.712389' width='116.8' depth='38.10075' height='221.0' color='FFDDDDDD' modelSize='2316' movable='false' cutOutShape='M0,0 v1 h1 v-1 z'/>
  <doorOrWindow level='level0' catalogId='eTeks#serviceHatch' name='Service hatch' creator='eTeks' model='6' x='6416.2275' y='3605.2686' angle='4.712389' width='152.40001' depth='38.10075' height='221.0' color='FFDDDDDD' modelSize='2316' movable='false' cutOutShape='M0,0 v1 h1 v-1 z'/>
  <pieceOfFurniture level='level0' name='Threshold' model='8/Cube%20N230215.3DS' x='7703.0986' y='3804.931' angle='4.712389' width='166.40001' depth='36.8' height='32.4' color='FFA8A8A8' modelSize='10481354'/>
  <pieceOfFurniture level='level0' name='Threshold' model='8/Cube%20N230215.3DS' x='7703.617' y='4228.799' angle='4.712389' width='133.3' depth='39.4' height='32.4' color='FFA8A8A8' modelSize='10481354'/>
  <pieceOfFurniture level='level0' name='Threshold' model='8/Cube%20N230215.3DS' x='7702.3047' y='3335.47' angle='4.712389' width='223.5' depth='36.8' height='32.4' color='FFA8A8A8' modelSize='10481354'/>
  <pieceOfFurniture level='level0' name='Threshold' model='8/Cube%20N230215.3DS' x='7702.17' y='4040.371' angle='1.5707964' width='128.3' depth='34.3' height='32.4' color='FFA8A8A8' modelSize='10481354'/>
  <pieceOfFurniture level='level0' name='Simple Steps' model='10/Stairs%20N160808.3DS' x='8089.083' y='4043.043' elevation='104.1' angle='0.7853982' width='193.0' depth='188.0' height='109.200005' modelSize='34711'/>
  <pieceOfFurniture level='level0' name='Simple Steps' model='10/Stairs%20N160808.3DS' x='8178.879' y='4045.9219' elevation='142.2' angle='0.7853982' width='193.0' depth='188.0' height='101.6' modelSize='34711'/>
  <pieceOfFurniture level='level0' name='Simple Steps' model='10/Stairs%20N160808.3DS' x='8284.367' y='3916.6611' elevation='226.1' angle='5.497787' width='208.3' depth='203.2' height='91.4' modelSize='34711'/>
  <pieceOfFurniture level='level0' name='Simple Steps' model='10/Stairs%20N160808.3DS' x='8284.613' y='3804.9592' elevation='320.0' angle='5.497787' width='208.3' depth='203.2' height='91.4' modelSize='34711'/>
  <pieceOfFurniture level='level0' name='Simple Steps' model='10/Stairs%20N160808.3DS' x='7975.578' y='4046.833' angle='0.7853982' width='193.0' depth='188.0' height='109.200005' modelSize='34711'/>
  <pieceOfFurniture level='level0' name='Simple Steps' model='10/Stairs%20N160808.3DS' x='8286.539' y='3721.6826' elevation='363.2' angle='5.497787' width='208.3' depth='203.2' height='91.4' modelSize='34711'/>
  <furnitureGroup level='level0' name='Group -2-' x='7058.5005' y='3705.896' angle='6.283185' width='696.94727' depth='668.5576' height='447.03998'>
    <pieceOfFurniture level='level0' name='MyCustomPillar' model='12/Untitled.obj' x='7372.044' y='3402.8232' elevation='27.940002' angle='6.283185' width='57.150005' depth='59.531258' height='419.09998' color='FFE6E6E6' modelSize='1459'/>
    <pieceOfFurniture level='level0' name='MyCustomPillar' model='12/Untitled.obj' x='7061.3066' y='3403.3672' elevation='24.130005' angle='6.283185' width='60.96' depth='63.5' height='419.09998' color='FFE6E6E6' modelSize='1459'/>
    <pieceOfFurniture level='level0' name='MyCustomPillar' model='12/Untitled.obj' x='6745.575' y='3407.5537' elevation='13.970001' angle='6.283185' width='60.96' depth='63.5' height='419.09998' color='FFE6E6E6' modelSize='1459'/>
    <pieceOfFurniture level='level0' name='MyCustomPillar' model='12/Untitled.obj' x='6740.507' y='3702.224' elevation='27.940002' angle='6.283185' width='60.96' depth='63.5' height='419.09998' color='FFE6E6E6' modelSize='1459'/>
    <pieceOfFurniture level='level0' name='MyCustomPillar' model='12/Untitled.obj' x='6742.915' y='4000.4424' elevation='27.940002' angle='6.283185' width='60.96' depth='63.5' height='419.09998' color='FFE6E6E6' modelSize='1459'/>
    <pieceOfFurniture level='level0' name='MyCustomPillar' model='12/Untitled.obj' x='7075.5234' y='4008.4248' elevation='25.399994' angle='6.283185' width='60.96' depth='63.5' height='419.09998' color='FFE6E6E6' modelSize='1459'/>
    <pieceOfFurniture level='level0' name='MyCustomPillar' model='12/Untitled.obj' x='7374.002' y='3997.9912' elevation='27.940002' angle='6.283185' width='60.96' depth='63.5' height='419.09998' color='FFE6E6E6' modelSize='1459'/>
    <pieceOfFurniture level='level0' name='MyCustomPillar' model='12/Untitled.obj' x='7376.494' y='3677.3447' elevation='24.130005' angle='6.283185' width='60.96' depth='63.5' height='419.09998' color='FFE6E6E6' modelSize='1459'/>
    <pieceOfFurniture level='level0' name='Threshold' model='8/Cube%20N230215.3DS' x='7374.9785' y='3829.429' angle='4.712389' width='190.5' widthInPlan='190.49998' depth='48.26' depthInPlan='48.260006' height='32.385' color='FFE6E6E6' modelSize='10481354'/>
    <pieceOfFurniture level='level0' name='Threshold' model='8/Cube%20N230215.3DS' x='7375.4033' y='3678.9346' angle='1.5707963' width='130.81' depth='52.07' depthInPlan='52.070007' height='32.385' color='FFE6E6E6' modelSize='10481354'/>
    <pieceOfFurniture level='level0' name='Threshold' model='8/Cube%20N230215.3DS' x='7374.3438' y='3967.8594' angle='1.5707963' width='116.84' widthInPlan='116.83999' depth='48.26' depthInPlan='48.260006' height='32.385' color='FFE6E6E6' modelSize='10481354'/>
    <pieceOfFurniture level='level0' name='Threshold' model='8/Cube%20N230215.3DS' x='7217.3574' y='4006.1162' angle='6.283185' width='262.88998' depth='49.53' depthInPlan='49.530006' height='32.385' color='FFE6E6E6' modelSize='10481354'/>
    <pieceOfFurniture level='level0' name='Threshold' model='8/Cube%20N230215.3DS' x='6926.2227' y='4006.9824' angle='6.283185' width='316.22998' depth='52.07' depthInPlan='52.070004' height='32.385' color='FFE6E6E6' modelSize='10481354'/>
    <pieceOfFurniture level='level0' name='Threshold' model='8/Cube%20N230215.3DS' x='6741.912' y='3881.912' angle='4.712389' width='297.18' depth='58.42' depthInPlan='58.420006' height='32.385' color='FFE6E6E6' modelSize='10481354'/>
    <pieceOfFurniture level='level0' name='Threshold' model='8/Cube%20N230215.3DS' x='6744.384' y='3556.6143' angle='1.5707963' width='355.6' widthInPlan='355.60004' depth='64.77' depthInPlan='64.77001' height='32.385' color='FFE6E6E6' modelSize='10481354'/>
    <pieceOfFurniture level='level0' name='Threshold' model='8/Cube%20N230215.3DS' x='6861.71' y='3403.6084' angle='3.1415925' width='193.04' widthInPlan='193.04008' depth='43.18' depthInPlan='43.180008' height='32.385' color='FFE6E6E6' modelSize='10481354'/>
    <pieceOfFurniture level='level0' name='Threshold' model='8/Cube%20N230215.3DS' x='7021.827' y='3401.9385' angle='6.283185' width='127.0' depth='45.72' depthInPlan='45.72001' height='32.385' color='FFE6E6E6' modelSize='10481354'/>
    <pieceOfFurniture level='level0' name='Threshold' model='8/Cube%20N230215.3DS' x='7129.7764' y='3401.5352' angle='6.283185' width='88.9' depth='45.72' depthInPlan='45.72001' height='32.385' color='FFE6E6E6' modelSize='10481354'/>
    <pieceOfFurniture level='level0' name='Threshold' model='8/Cube%20N230215.3DS' x='7375.9395' y='3496.835' angle='4.712389' width='233.68' widthInPlan='233.68001' depth='48.26' depthInPlan='48.260006' height='32.385' color='FFE6E6E6' modelSize='10481354'/>
    <pieceOfFurniture level='level0' name='Threshold' model='8/Cube%20N230215.3DS' x='7261.4395' y='3403.9756' angle='6.283185' width='179.06999' depth='49.53' depthInPlan='49.530006' height='32.385' color='FFE6E6E6' modelSize='10481354'/>
  </furnitureGroup>
  <furnitureGroup level='level0' name='Group -1-' x='7056.0986' y='3706.6377' elevation='30.5' angle='4.712389' width='686.36523' depth='710.0596' height='420.68747'>
    <pieceOfFurniture level='level0' name='Threshold' model='8/Cube%20N230215.3DS' x='6741.593' y='3708.5342' elevation='447.05997' angle='4.712389' width='63.5' widthInPlan='63.499996' depth='67.46875' depthInPlan='67.468765' height='3.96875' heightInPlan='3.9687498' color='FF700031' modelSize='10481354'/>
    <pieceOfFurniture level='level0' name='Threshold' model='8/Cube%20N230215.3DS' x='6744.075' y='3414.436' elevation='447.05997' angle='4.712389' width='63.5' depth='67.6275' height='4.1275' color='FF700031' modelSize='10481354'/>
    <pieceOfFurniture level='level0' name='Threshold' model='8/Cube%20N230215.3DS' x='7062.7764' y='3395.205' elevation='447.05997' angle='4.712389' width='63.5' depth='67.6275' height='4.1275' color='FF700031' modelSize='10481354'/>
    <pieceOfFurniture level='level0' name='Threshold' model='8/Cube%20N230215.3DS' x='7367.507' y='3410.6416' elevation='447.05997' angle='4.712389' width='63.5' depth='67.6275' height='4.1275' color='FF700031' modelSize='10481354'/>
    <pieceOfFurniture level='level0' name='Threshold' model='8/Cube%20N230215.3DS' x='7377.3145' y='3683.0146' elevation='447.05997' angle='4.712389' width='63.5' depth='67.6275' height='4.1275' color='FF700031' modelSize='10481354'/>
    <pieceOfFurniture level='level0' name='Threshold' model='8/Cube%20N230215.3DS' x='7368.093' y='4004.6396' elevation='447.05997' angle='4.712389' width='63.5' depth='67.6275' height='4.1275' color='FF700031' modelSize='10481354'/>
    <pieceOfFurniture level='level0' name='Threshold' model='8/Cube%20N230215.3DS' x='7078.161' y='4018.0703' elevation='447.05997' angle='4.712389' width='63.5' depth='67.6275' height='4.1275' color='FF700031' modelSize='10481354'/>
    <pieceOfFurniture level='level0' name='Threshold' model='8/Cube%20N230215.3DS' x='6734.883' y='4003.0342' elevation='447.05997' angle='4.712389' width='63.5' depth='67.6275' height='4.1275' color='FF700031' modelSize='10481354'/>
    <pieceOfFurniture level='level0' name='pozo' model='14/pozo.obj' x='6746.9893' y='3542.6812' elevation='30.5' angle='1.7484555E-7' width='68.58' depth='63.1825' height='35.8775' modelSize='194477'/>
  </furnitureGroup>
  <doorOrWindow level='level1' catalogId='eTeks#serviceHatch' name='Service hatch' creator='eTeks' model='6' x='7464.4536' y='3098.1755' width='208.3' depth='38.10075' height='221.0' color='FFDDDDDD' modelSize='2316' movable='false' cutOutShape='M0,0 v1 h1 v-1 z'/>
  <doorOrWindow level='level1' catalogId='eTeks#serviceHatch' name='Service hatch' creator='eTeks' model='6' x='7027.0083' y='3098.1755' width='177.8' depth='38.10075' height='221.0' color='FFDDDDDD' modelSize='2316' movable='false' cutOutShape='M0,0 v1 h1 v-1 z'/>
  <doorOrWindow level='level1' catalogId='eTeks#serviceHatch' name='Service hatch' creator='eTeks' model='6' x='6603.14' y='3098.1755' angle='3.1415927' width='132.1' depth='38.10075' height='221.0' color='FFDDDDDD' modelSize='2316' movable='false' cutOutShape='M0,0 v1 h1 v-1 z'/>
  <doorOrWindow level='level1' catalogId='eTeks#serviceHatch' name='Service hatch' creator='eTeks' model='6' x='6230.6655' y='3098.1755' width='114.3' depth='38.10075' height='221.0' color='FFDDDDDD' modelSize='2316' movable='false' cutOutShape='M0,0 v1 h1 v-1 z'/>
  <doorOrWindow level='level1' catalogId='eTeks#serviceHatch' name='Service hatch' creator='eTeks' model='6' x='6605.765' y='2742.8645' width='132.1' depth='38.10075' height='221.0' color='FFDDDDDD' modelSize='2316' movable='false' cutOutShape='M0,0 v1 h1 v-1 z'/>
  <doorOrWindow level='level1' catalogId='eTeks#serviceHatch' name='Service hatch' creator='eTeks' model='6' x='6218.5884' y='2742.8645' width='114.3' depth='38.10075' height='221.0' color='FFDDDDDD' modelSize='2316' movable='false' cutOutShape='M0,0 v1 h1 v-1 z'/>
  <doorOrWindow level='level1' catalogId='eTeks#serviceHatch' name='Service hatch' creator='eTeks' model='6' x='7706.847' y='3349.5225' angle='1.5707964' width='208.3' depth='38.10075' height='221.0' color='FFA8A8A8' modelSize='2316' movable='false' cutOutShape='M0,0 v1 h1 v-1 z'/>
  <doorOrWindow level='level1' catalogId='eTeks#serviceHatch' name='Service hatch' creator='eTeks' model='6' x='7706.847' y='3815.9978' angle='4.712389' width='152.40001' depth='38.10075' height='221.0' color='FFDDDDDD' modelSize='2316' movable='false' cutOutShape='M0,0 v1 h1 v-1 z'/>
  <doorOrWindow level='level1' catalogId='eTeks#serviceHatch' name='Service hatch' creator='eTeks' model='6' x='7706.847' y='4231.711' angle='1.5707964' width='129.5' depth='38.10075' height='221.0' color='FFDDDDDD' modelSize='2316' movable='false' cutOutShape='M0,0 v1 h1 v-1 z'/>
  <doorOrWindow level='level1' catalogId='eTeks#serviceHatch' name='Service hatch' creator='eTeks' model='6' x='6420.1265' y='3610.126' angle='4.712389' width='152.40001' depth='38.10075' height='221.0' color='FFDDDDDD' modelSize='2316' movable='false' cutOutShape='M0,0 v1 h1 v-1 z'/>
  <pieceOfFurniture level='level1' name='Simple Steps' model='10/Stairs%20N160808.3DS' x='6562.1147' y='3721.6013' elevation='188.0' angle='5.497787' width='0.3' depth='0.3' height='101.9' modelSize='34711'/>
  <doorOrWindow level='level1' catalogId='eTeks#serviceHatch' name='Service hatch' creator='eTeks' model='6' x='8297.751' y='3648.3696' width='152.40001' depth='38.10075' height='221.0' color='FFDDDDDD' modelSize='2316' movable='false' cutOutShape='M0,0 v1 h1 v-1 z'/>
  <furnitureGroup level='level1' name='Second floor' x='7058.5757' y='3727.1177' width='696.2744' depth='681.95435' height='360.67996'>
    <pieceOfFurniture level='level1' name='MyCustomPillar' model='12/Untitled.obj' x='6743.608' y='3729.739' width='60.96' depth='63.5' height='360.67996' color='FFE6E6E6' modelSize='1459'/>
    <pieceOfFurniture level='level1' name='MyCustomPillar' model='12/Untitled.obj' x='6740.9185' y='4022.0178' width='60.96' depth='63.5' height='360.67996' color='FFE6E6E6' modelSize='1459'/>
    <pieceOfFurniture level='level1' name='MyCustomPillar' model='12/Untitled.obj' x='7058.723' y='4036.345' width='60.96' depth='63.5' height='360.67996' color='FFE6E6E6' modelSize='1459'/>
    <pieceOfFurniture level='level1' name='MyCustomPillar' model='12/Untitled.obj' x='7376.233' y='4024.8538' width='60.96' depth='63.5' height='360.67996' color='FFE6E6E6' modelSize='1459'/>
    <pieceOfFurniture level='level1' name='MyCustomPillar' model='12/Untitled.obj' x='7370.559' y='3738.3943' width='60.96' depth='63.5' height='360.67996' color='FFE6E6E6' modelSize='1459'/>
    <pieceOfFurniture level='level1' name='MyCustomPillar' model='12/Untitled.obj' x='7376.0044' y='3427.0898' width='60.96' depth='63.5' height='360.67996' color='FFE6E6E6' modelSize='1459'/>
    <pieceOfFurniture level='level1' name='MyCustomPillar' model='12/Untitled.obj' x='7063.2173' y='3417.8906' width='60.96' depth='63.5' height='360.67996' color='FFE6E6E6' modelSize='1459'/>
    <pieceOfFurniture level='level1' name='MyCustomPillar' model='12/Untitled.obj' x='6745.693' y='3433.3584' width='60.96' depth='63.5' height='360.67996' color='FFE6E6E6' modelSize='1459'/>
  </furnitureGroup>
  <pieceOfFurniture level='level1' catalogId='Puybaret#toitureArdoiseRouge' name='Red slate roof' creator='Emmanuel Puybaret' model='16' x='7527.646' y='3782.035' elevation='365.80002' angle='4.712389' width='1211.6' depth='426.7' height='99.1' color='FFAFAFAF' modelSize='348565'/>
  <pieceOfFurniture level='level1' catalogId='Puybaret#toitureArdoiseRouge' name='Red slate roof' creator='Emmanuel Puybaret' model='16' x='7202.072' y='3259.056' elevation='358.1' angle='3.1415927' width='1028.7001' depth='411.5' height='144.8' color='FFAFAFAF' modelSize='348565'/>
  <pieceOfFurniture level='level1' catalogId='Puybaret#toitureArdoiseRouge' name='Red slate roof' creator='Emmanuel Puybaret' model='16' x='6553.8765' y='3768.0112' elevation='472.4' angle='1.5707964' width='1297.9' depth='335.30002' height='129.5' color='FFAFAFAF' modelSize='348565'/>
  <pieceOfFurniture level='level1' catalogId='Puybaret#toitureArdoiseRouge' name='Red slate roof' creator='Emmanuel Puybaret' model='16' x='7036.44' y='4202.831' elevation='373.4' width='640.0' depth='330.0' height='227.5' color='FFAFAFAF' modelSize='348565'/>
  <pieceOfFurniture level='level2' catalogId='Puybaret#toitureArdoiseRouge' name='Red slate roof' creator='Emmanuel Puybaret' model='16' x='7178.6143' y='2399.6372' elevation='2.5' width='2325.4001' depth='482.30002' height='236.2' color='FFAFAFAF' modelSize='348565'/>
  <pieceOfFurniture level='level2' catalogId='Puybaret#toitureArdoiseRouge' name='Red slate roof' creator='Emmanuel Puybaret' model='16' x='7177.958' y='2869.4343' elevation='2.5' angle='3.1415927' width='2325.1' depth='482.30002' height='236.2' color='FFAFAFAF' modelSize='348565'/>
  <pieceOfFurniture level='level2' catalogId='Puybaret#toitureArdoiseRouge' name='Red slate roof' creator='Emmanuel Puybaret' model='16' x='6176.4985' y='3759.506' angle='4.712389' width='1300.5' depth='406.4' height='153.0' modelMirrored='true' color='FFAFAFAF' modelSize='348565'/>
  <pieceOfFurniture level='level2' catalogId='Puybaret#toitureArdoiseRouge' name='Red slate roof' creator='Emmanuel Puybaret' model='16' x='7872.186' y='3737.9045' angle='4.712389' width='1300.5' depth='406.4' height='153.0' modelMirrored='true' color='FFAFAFAF' modelSize='348565'/>
  <pieceOfFurniture level='level2' catalogId='Puybaret#toitureArdoiseRouge' name='Red slate roof' creator='Emmanuel Puybaret' model='16' x='8239.575' y='3745.856' angle='1.5707964' width='1297.9' depth='335.30002' height='153.0' color='FFAFAFAF' modelSize='348565'/>
  <doorOrWindow level='level0' catalogId='eTeks#serviceHatch' name='Service hatch' creator='eTeks' model='6' x='-666.1865' y='2093.7063' angle='6.283185' width='30.0' depth='0.1' depthInPlan='0.10000001' height='221.0' color='FFDDDDDD' modelSize='2316' movable='false' cutOutShape='M0,0 v1 h1 v-1 z'/>
  <doorOrWindow level='level0' catalogId='eTeks#serviceHatch' name='Service hatch' creator='eTeks' model='6' x='11075.444' y='2209.0042' angle='6.283185' width='30.0' depth='0.1' depthInPlan='0.10000001' height='221.0' color='FFDDDDDD' modelSize='2316' movable='false' cutOutShape='M0,0 v1 h1 v-1 z'/>
  <doorOrWindow level='level0' catalogId='eTeks#serviceHatch' name='Service hatch' creator='eTeks' model='6' x='8460.701' y='5050.605' angle='1.5707964' width='129.5' depth='38.10075' height='221.0' color='FFDDDDDD' modelSize='2316' movable='false' cutOutShape='M0,0 v1 h1 v-1 z'/>
  <doorOrWindow level='level0' catalogId='eTeks#serviceHatch' name='Service hatch' creator='eTeks' model='6' x='8600.521' y='6758.327' angle='1.5707964' width='129.5' depth='38.10075' height='221.0' color='FFDDDDDD' modelSize='2316' movable='false' cutOutShape='M0,0 v1 h1 v-1 z'/>
  <wall id='wall0' level='level0' xStart='8370.807' yStart='4111.0654' xEnd='8370.807' yEnd='3980.255' height='243.84' thickness='7.62' pattern='hatchUp'/>
  <wall id='wall1' level='level0' wallAtStart='wall20' wallAtEnd='wall16' xStart='6022.5273' yStart='4396.13' xEnd='6022.5273' yEnd='2186.3335' height='452.11996' thickness='38.1' pattern='hatchUp'/>
  <wall id='wall2' level='level0' xStart='6777.5312' yStart='2186.3335' xEnd='7282.202' yEnd='2186.3335' height='452.11996' thickness='38.1' pattern='hatchUp'/>
  <wall id='wall3' level='level0' xStart='6385.425' yStart='2186.3335' xEnd='6385.425' yEnd='3093.3186' height='452.11996' thickness='38.1' pattern='hatchUp'/>
  <wall id='wall4' level='level0' xStart='6777.5312' yStart='2175.4722' xEnd='6777.5312' yEnd='3093.3186' height='452.11996' thickness='38.1' pattern='hatchUp'/>
  <wall id='wall5' level='level0' xStart='7282.202' yStart='2175.4722' xEnd='7282.202' yEnd='3082.2522' height='452.11996' thickness='38.1' pattern='hatchUp'/>
  <wall id='wall6' level='level0' xStart='6022.5273' yStart='2738.007' xEnd='6777.5312' yEnd='2738.007' height='452.11996' thickness='38.1' pattern='hatchUp'/>
  <wall id='wall7' level='level0' xStart='7702.9355' yStart='3223.3225' xEnd='7702.9355' yEnd='4381.5586' height='452.11996' thickness='38.1' pattern='hatchUp'/>
  <wall id='wall8' level='level0' xStart='7702.9355' yStart='3643.5117' xEnd='8387.936' yEnd='3643.5117' height='452.11996' thickness='38.1' pattern='hatchUp'/>
  <wall id='wall9' level='level0' xStart='7702.9355' yStart='4134.8975' xEnd='8387.936' yEnd='4134.8975' height='452.11996' thickness='38.1' pattern='hatchUp'/>
  <wall id='wall10' level='level0' wallAtEnd='wall11' xStart='7702.9355' yStart='3952.7754' xEnd='8177.916' yEnd='3952.7754' height='452.11996' thickness='38.1' pattern='hatchUp'/>
  <wall id='wall11' level='level0' wallAtStart='wall10' xStart='8177.916' yStart='3952.7754' xEnd='8177.916' yEnd='3643.5117' height='452.11996' thickness='38.1' pattern='hatchUp'/>
  <wall id='wall12' level='level0' wallAtEnd='wall13' xStart='6022.5273' yStart='3278.7468' xEnd='6416.2275' yEnd='3278.7468' height='452.11996' thickness='38.1' pattern='hatchUp'/>
  <wall id='wall13' level='level0' wallAtStart='wall12' xStart='6416.2275' yStart='3278.7468' xEnd='6416.2275' yEnd='4061.0664' height='452.11996' thickness='38.1' pattern='hatchUp'/>
  <wall id='wall14' level='level0' xStart='6416.2275' yStart='3952.7754' xEnd='6022.5273' yEnd='3952.7754' height='452.11996' thickness='38.1' pattern='hatchUp'/>
  <wall id='wall15' level='level0' xStart='7702.9355' yStart='3111.888' xEnd='7702.9355' yEnd='3241.428' height='452.11996' thickness='38.1' pattern='hatchUp'/>
  <wall id='wall16' level='level0' wallAtStart='wall1' wallAtEnd='wall19' xStart='6022.5273' yStart='2186.3335' xEnd='6777.5312' yEnd='2186.3335' height='452.11996' thickness='38.1' pattern='hatchUp'/>
  <wall id='wall17' level='level0' wallAtEnd='wall18' xStart='6022.5273' yStart='3093.3186' xEnd='6777.5312' yEnd='3093.3186' height='452.11996' thickness='38.1' pattern='hatchUp'/>
  <wall id='wall18' level='level0' wallAtStart='wall17' xStart='6777.5312' yStart='3093.3186' xEnd='8387.936' yEnd='3093.3186' height='452.11996' thickness='38.1' pattern='hatchUp'/>
  <wall id='wall19' level='level0' wallAtStart='wall16' wallAtEnd='wall21' xStart='6777.5312' yStart='2186.3335' xEnd='8387.936' yEnd='2188.3264' height='452.11996' thickness='38.1' pattern='hatchUp'/>
  <wall id='wall20' level='level0' wallAtStart='wall1' xStart='6022.5273' yStart='4396.13' xEnd='8370.031' yEnd='4396.13' height='452.11996' thickness='38.1' pattern='hatchUp'/>
  <wall id='wall21' level='level0' wallAtStart='wall19' xStart='8387.936' yStart='2188.3264' xEnd='8387.936' yEnd='4415.9023' height='452.11996' thickness='38.1' pattern='hatchUp'/>
  <wall id='wall22' level='level1' xStart='8391.847' yStart='4300.0615' xEnd='8391.847' yEnd='4386.422' height='243.84' thickness='38.1' pattern='hatchUp'/>
  <wall id='wall23' level='level1' wallAtEnd='wall41' xStart='5999.4243' yStart='2191.191' xEnd='8391.606' yEnd='2191.191' height='452.11996' thickness='38.1' pattern='hatchUp'/>
  <wall id='wall24' level='level1' xStart='6782.183' yStart='2191.191' xEnd='7241.9272' yEnd='2191.191' height='243.84' thickness='7.62' pattern='hatchUp'/>
  <wall id='wall25' level='level1' xStart='8308.617' yStart='2191.191' xEnd='7307.854' yEnd='2191.191' height='243.84' thickness='7.62' pattern='hatchUp'/>
  <wall id='wall26' level='level1' xStart='6389.3237' yStart='2191.191' xEnd='6389.3237' yEnd='3098.1755' height='452.11996' thickness='38.1' pattern='hatchUp'/>
  <wall id='wall27' level='level1' xStart='6781.433' yStart='2191.191' xEnd='6781.433' yEnd='3098.1755' height='452.11996' thickness='38.1' pattern='hatchUp'/>
  <wall id='wall28' level='level1' xStart='7292.0874' yStart='2191.191' xEnd='7292.0874' yEnd='3103.051' height='452.11996' thickness='38.1' pattern='hatchUp'/>
  <wall id='wall29' level='level1' xStart='6026.4233' yStart='2742.8645' xEnd='6781.433' yEnd='2742.8645' height='452.11996' thickness='38.1' pattern='hatchUp'/>
  <wall id='wall30' level='level1' xStart='7706.847' yStart='3228.18' xEnd='7706.847' yEnd='4386.422' height='452.11996' thickness='38.1' pattern='hatchUp'/>
  <wall id='wall31' level='level1' xStart='7706.847' yStart='3648.3696' xEnd='8391.847' yEnd='3648.3696' height='452.11996' thickness='38.1' pattern='hatchUp'/>
  <wall id='wall32' level='level1' xStart='7706.847' yStart='4139.755' xEnd='8391.847' yEnd='4139.755' height='452.11996' thickness='38.1' pattern='hatchUp'/>
  <wall id='wall33' level='level1' wallAtEnd='wall42' xStart='7706.847' yStart='3957.6333' xEnd='8181.829' yEnd='3957.6333' height='452.11996' thickness='38.1' pattern='hatchUp'/>
  <wall id='wall34' level='level1' wallAtEnd='wall35' xStart='6026.4233' yStart='3283.604' xEnd='6420.1265' yEnd='3283.604' height='452.11996' thickness='38.1' pattern='hatchUp'/>
  <wall id='wall35' level='level1' wallAtStart='wall34' xStart='6420.1265' yStart='3283.604' xEnd='6420.1265' yEnd='4065.9243' height='2.54' thickness='38.1' pattern='hatchUp'/>
  <wall id='wall36' level='level1' xStart='6420.1265' yStart='3957.6333' xEnd='6026.4233' yEnd='3957.6333' height='452.11996' thickness='38.1' pattern='hatchUp'/>
  <wall id='wall37' level='level1' xStart='7706.847' yStart='3116.7454' xEnd='7706.847' yEnd='3246.2854' height='452.11996' thickness='38.1' pattern='hatchUp'/>
  <wall id='wall38' level='level1' xStart='8374.718' yStart='4115.9233' xEnd='8374.718' yEnd='3985.1133' height='243.84' thickness='7.62' pattern='hatchUp'/>
  <wall id='wall39' level='level1' xStart='6026.4233' yStart='3098.1755' xEnd='8391.847' yEnd='3098.1755' height='452.11996' thickness='38.1' pattern='hatchUp'/>
  <wall id='wall40' level='level1' xStart='6011.6543' yStart='4420.966' xEnd='6011.6543' yEnd='2172.429' height='452.11996' thickness='38.1' pattern='hatchUp'/>
  <wall id='wall41' level='level1' wallAtStart='wall23' xStart='8391.606' yStart='2191.191' xEnd='8391.606' yEnd='4420.7656' height='452.11996' thickness='38.1' pattern='hatchUp'/>
  <wall id='wall42' level='level1' wallAtStart='wall33' xStart='8181.829' yStart='3957.6333' xEnd='8181.829' yEnd='3648.3696' height='452.11996' thickness='38.1' pattern='hatchUp'/>
  <wall id='wall43' level='level2' wallAtStart='wall46' xStart='5985.6177' yStart='2620.1406' xEnd='5985.6177' yEnd='3098.2039' height='243.84' heightAtEnd='30.48' thickness='38.1' pattern='foreground'/>
  <wall id='wall44' level='level2' xStart='8360.766' yStart='2162.1865' xEnd='8360.766' yEnd='2629.4885' height='30.48' heightAtEnd='243.84' thickness='38.1' pattern='foreground'/>
  <wall id='wall45' level='level2' xStart='8361.631' yStart='2629.5776' xEnd='8361.631' yEnd='3107.641' height='243.84' heightAtEnd='30.48' thickness='38.1' pattern='foreground'/>
  <wall id='wall46' level='level2' wallAtEnd='wall43' xStart='5984.5464' yStart='2162.477' xEnd='5985.6177' yEnd='2620.1406' height='30.48' heightAtEnd='243.84' thickness='38.1' pattern='foreground'/>
  <wall id='wall47' level='level2' xStart='8360.904' yStart='3985.4739' xEnd='8360.904' yEnd='4390.922' height='29.5275' heightAtEnd='179.3875' thickness='38.1' pattern='foreground'/>
  <wall id='wall48' level='level2' wallAtEnd='wall49' xStart='6366.7153' yStart='3107.8425' xEnd='6366.7153' yEnd='3623.5999' height='152.4' thickness='7.62' pattern='foreground'/>
  <wall id='wall49' level='level2' wallAtStart='wall48' xStart='6366.7153' yStart='3623.5999' xEnd='6366.7153' yEnd='4409.7285' height='152.7175' thickness='7.62' pattern='foreground'/>
  <wall id='wall50' level='level2' xStart='6366.7153' yStart='3966.4807' xEnd='6701.995' yEnd='3966.4807' height='152.7175' heightAtEnd='2.54' thickness='7.62' pattern='hatchUp'/>
  <wall id='wall51' level='level2' xStart='6369.9556' yStart='3113.3118' xEnd='6705.2354' yEnd='3113.3118' height='152.7175' heightAtEnd='2.54' thickness='7.62' pattern='hatchUp'/>
  <wall id='wall52' level='level2' xStart='6365.764' yStart='3113.2004' xEnd='5991.0786' yEnd='3113.2004' height='152.7175' heightAtEnd='2.54' thickness='7.62' pattern='hatchUp'/>
  <wall id='wall53' level='level2' xStart='6363.977' yStart='3964.4724' xEnd='5989.2915' yEnd='3964.4724' height='152.7175' heightAtEnd='2.54' thickness='7.62' pattern='hatchUp'/>
  <wall id='wall54' level='level1' xStart='6007.688' yStart='4400.993' xEnd='8410.542' yEnd='4400.993' height='630.8725' thickness='38.1' pattern='hatchUp'/>
  <wall id='wall55' level='level0' wallAtEnd='wall56' xStart='8460.482' yStart='4420.7656' xEnd='8460.482' yEnd='5300.7656' height='452.1' thickness='38.100002' pattern='hatchUp'/>
  <wall id='wall56' level='level0' wallAtStart='wall55' wallAtEnd='wall57' xStart='8460.482' yStart='5300.7656' xEnd='8555.745' yEnd='5355.7656' height='452.1' thickness='38.100002' pattern='hatchUp'/>
  <wall id='wall57' level='level0' wallAtStart='wall56' wallAtEnd='wall58' xStart='8555.745' yStart='5355.7656' xEnd='8561.669' yEnd='6573.54' height='452.1' thickness='38.100002' pattern='hatchUp'/>
  <wall id='wall58' level='level0' wallAtStart='wall57' wallAtEnd='wall59' xStart='8561.669' yStart='6573.54' xEnd='7561.67' yEnd='6573.54' height='452.1' thickness='38.100002' pattern='hatchUp'/>
  <wall id='wall59' level='level0' wallAtStart='wall58' xStart='7561.67' yStart='6573.54' xEnd='7555.745' yEnd='4420.7656' height='452.1' thickness='38.100002' pattern='hatchUp'/>
  <wall id='wall60' level='level0' xStart='7555.745' yStart='4420.7656' xEnd='8460.482' yEnd='4420.7656' height='452.1' thickness='38.100002' pattern='hatchUp'/>
  <wall id='wall61' level='level0' xStart='7561.67' yStart='4845.984' xEnd='8446.67' yEnd='4845.984' height='452.1' thickness='38.100002' pattern='hatchUp'/>
  <wall id='wall62' level='level0' xStart='7561.67' yStart='5300.7656' xEnd='8446.67' yEnd='5300.7656' height='452.1' thickness='38.100002' pattern='hatchUp'/>
  <wall id='wall63' level='level0' xStart='8034.6567' yStart='4845.984' xEnd='8034.6567' yEnd='5300.7656' height='452.1' thickness='38.100002' pattern='hatchUp'/>
  <wall id='wall64' level='level0' xStart='7809.526' yStart='4437.196' xEnd='7809.526' yEnd='4845.984' height='452.1' thickness='38.100002' pattern='hatchUp'/>
  <wall id='wall65' level='level0' xStart='7561.67' yStart='6170.104' xEnd='8541.67' yEnd='6170.104' height='452.1' thickness='38.100002' pattern='hatchUp'/>
  <wall id='wall66' level='level0' xStart='8073.1655' yStart='6170.104' xEnd='8073.1655' yEnd='6573.54' height='452.1' thickness='38.100002' pattern='hatchUp'/>
  <wall id='wall67' level='level0' xStart='7527.609' yStart='4426.4277' xEnd='7527.609' yEnd='5306.4277' height='452.1' thickness='38.100002' pattern='hatchUp'/>
  <wall id='wall68' level='level0' wallAtEnd='wall69' xStart='7531.4663' yStart='5306.4277' xEnd='7531.4663' yEnd='6579.211' height='452.1' thickness='38.100002' pattern='hatchUp'/>
  <wall id='wall69' level='level0' wallAtStart='wall68' wallAtEnd='wall70' xStart='7531.4663' yStart='6579.211' xEnd='6537.7275' yEnd='6573.5195' height='452.1' thickness='38.100002' pattern='hatchUp'/>
  <wall id='wall70' level='level0' wallAtStart='wall69' xStart='6537.7275' yStart='6573.5195' xEnd='6531.8027' yEnd='4420.736' height='452.1' thickness='38.100002' pattern='hatchUp'/>
  <wall id='wall71' level='level0' xStart='6522.192' yStart='4426.4277' xEnd='7527.609' yEnd='4426.4277' height='452.1' thickness='38.100002' pattern='hatchUp'/>
  <wall id='wall72' level='level0' xStart='6528.1167' yStart='4851.646' xEnd='7513.7964' yEnd='4851.646' height='452.1' thickness='38.100002' pattern='hatchUp'/>
  <wall id='wall73' level='level0' xStart='6537.7275' yStart='5306.4277' xEnd='7513.7964' yEnd='5306.4277' height='452.1' thickness='38.100002' pattern='hatchUp'/>
  <wall id='wall74' level='level0' xStart='7101.7847' yStart='4851.646' xEnd='7101.7847' yEnd='5306.4277' height='452.1' thickness='38.100002' pattern='hatchUp'/>
  <wall id='wall75' level='level0' xStart='6876.654' yStart='4442.858' xEnd='6876.654' yEnd='4851.646' height='452.1' thickness='38.100002' pattern='hatchUp'/>
  <wall id='wall76' level='level0' xStart='6528.1167' yStart='6175.7754' xEnd='7527.609' yEnd='6175.7754' height='452.1' thickness='38.100002' pattern='hatchUp'/>
  <wall id='wall77' level='level0' xStart='7140.2935' yStart='6175.7754' xEnd='7140.2935' yEnd='6579.211' height='452.1' thickness='38.100002' pattern='hatchUp'/>
  <wall id='wall78' level='level0' xStart='6502.2114' yStart='4431.6597' xEnd='6502.2114' yEnd='5311.6597' height='452.1' thickness='38.100002' pattern='hatchUp'/>
  <wall id='wall79' level='level0' wallAtEnd='wall80' xStart='6506.069' yStart='5311.6597' xEnd='6506.069' yEnd='6584.443' height='452.1' thickness='38.100002' pattern='hatchUp'/>
  <wall id='wall80' level='level0' wallAtStart='wall79' wallAtEnd='wall81' xStart='6506.069' yStart='6584.443' xEnd='5512.33' yEnd='6580.6284' height='452.1' thickness='38.100002' pattern='hatchUp'/>
  <wall id='wall81' level='level0' wallAtStart='wall80' xStart='5512.33' yStart='6580.6284' xEnd='5505.6626' yEnd='4413.261' height='452.1' thickness='38.100002' pattern='hatchUp'/>
  <wall id='wall82' level='level0' xStart='5496.7944' yStart='4431.6597' xEnd='6502.2114' yEnd='4431.6597' height='452.1' thickness='38.100002' pattern='hatchUp'/>
  <wall id='wall83' level='level0' xStart='5502.719' yStart='4856.878' xEnd='6488.399' yEnd='4856.878' height='452.1' thickness='38.100002' pattern='hatchUp'/>
  <wall id='wall84' level='level0' xStart='5512.33' yStart='5311.6597' xEnd='6488.399' yEnd='5311.6597' height='452.1' thickness='38.100002' pattern='hatchUp'/>
  <wall id='wall85' level='level0' xStart='6076.387' yStart='4856.878' xEnd='6076.387' yEnd='5311.6597' height='452.1' thickness='38.100002' pattern='hatchUp'/>
  <wall id='wall86' level='level0' xStart='5851.2563' yStart='4448.09' xEnd='5851.2563' yEnd='4856.878' height='452.1' thickness='38.100002' pattern='hatchUp'/>
  <wall id='wall87' level='level0' xStart='5502.719' yStart='6181.0073' xEnd='6502.2114' yEnd='6181.0073' height='452.1' thickness='38.100002' pattern='hatchUp'/>
  <wall id='wall88' level='level0' xStart='6114.896' yStart='6181.0073' xEnd='6114.896' yEnd='6584.443' height='452.1' thickness='38.100002' pattern='hatchUp'/>
  <wall id='wall89' level='level0' xStart='5470.564' yStart='4412.667' xEnd='5469.4297' yEnd='5311.786' height='452.1' thickness='38.100002' pattern='hatchUp'/>
  <wall id='wall90' level='level0' wallAtEnd='wall91' xStart='5473.287' yStart='5311.786' xEnd='5473.287' yEnd='6584.5693' height='452.1' thickness='38.100002' pattern='hatchUp'/>
  <wall id='wall91' level='level0' wallAtStart='wall90' wallAtEnd='wall92' xStart='5473.287' yStart='6584.5693' xEnd='4479.5483' yEnd='6578.878' height='452.1' thickness='38.100002' pattern='hatchUp'/>
  <wall id='wall92' level='level0' wallAtStart='wall91' xStart='4479.5483' yStart='6578.878' xEnd='4473.6235' yEnd='4426.094' height='452.1' thickness='38.100002' pattern='hatchUp'/>
  <wall id='wall93' level='level0' xStart='4464.0127' yStart='4431.786' xEnd='5469.4297' yEnd='4431.786' height='452.1' thickness='38.100002' pattern='hatchUp'/>
  <wall id='wall94' level='level0' xStart='4469.9375' yStart='4857.0044' xEnd='5455.617' yEnd='4857.0044' height='452.1' thickness='38.100002' pattern='hatchUp'/>
  <wall id='wall95' level='level0' xStart='4479.5483' yStart='5311.786' xEnd='5455.617' yEnd='5311.786' height='452.1' thickness='38.100002' pattern='hatchUp'/>
  <wall id='wall96' level='level0' xStart='5043.6055' yStart='4857.0044' xEnd='5043.6055' yEnd='5311.786' height='452.1' thickness='38.100002' pattern='hatchUp'/>
  <wall id='wall97' level='level0' xStart='4818.4746' yStart='4448.2163' xEnd='4818.4746' yEnd='4857.0044' height='452.1' thickness='38.100002' pattern='hatchUp'/>
  <wall id='wall98' level='level0' xStart='4469.9375' yStart='6181.134' xEnd='5469.4297' yEnd='6181.134' height='452.1' thickness='38.100002' pattern='hatchUp'/>
  <wall id='wall99' level='level0' xStart='5082.1143' yStart='6181.134' xEnd='5082.1143' yEnd='6584.5693' height='452.1' thickness='38.100002' pattern='hatchUp'/>
  <wall id='wall100' level='level0' xStart='8562.163' yStart='6598.5127' xEnd='8562.163' yEnd='7478.5127' height='452.1' thickness='38.100002' pattern='hatchUp'/>
  <wall id='wall101' level='level0' wallAtEnd='wall102' xStart='8566.0205' yStart='7478.5127' xEnd='8566.0205' yEnd='8751.297' height='452.1' thickness='38.100002' pattern='hatchUp'/>
  <wall id='wall102' level='level0' wallAtStart='wall101' wallAtEnd='wall103' xStart='8566.0205' yStart='8751.297' xEnd='7572.2817' yEnd='8745.605' height='452.1' thickness='38.100002' pattern='hatchUp'/>
  <wall id='wall103' level='level0' wallAtStart='wall102' xStart='7572.2817' yStart='8745.605' xEnd='7566.357' yEnd='6592.821' height='452.1' thickness='38.100002' pattern='hatchUp'/>
  <wall id='wall104' level='level0' xStart='7556.746' yStart='6598.5127' xEnd='8562.163' yEnd='6598.5127' height='452.1' thickness='38.100002' pattern='hatchUp'/>
  <wall id='wall105' level='level0' xStart='7562.671' yStart='7023.731' xEnd='8548.351' yEnd='7023.731' height='452.1' thickness='38.100002' pattern='hatchUp'/>
  <wall id='wall106' level='level0' xStart='7572.2817' yStart='7478.5127' xEnd='8548.351' yEnd='7478.5127' height='452.1' thickness='38.100002' pattern='hatchUp'/>
  <wall id='wall107' level='level0' xStart='8136.339' yStart='7023.731' xEnd='8136.339' yEnd='7478.5127' height='452.1' thickness='38.100002' pattern='hatchUp'/>
  <wall id='wall108' level='level0' xStart='7911.208' yStart='6614.943' xEnd='7911.208' yEnd='7023.731' height='452.1' thickness='38.100002' pattern='hatchUp'/>
  <wall id='wall109' level='level0' xStart='7562.671' yStart='8347.861' xEnd='8562.163' yEnd='8347.861' height='452.1' thickness='38.100002' pattern='hatchUp'/>
  <wall id='wall110' level='level0' xStart='8174.8477' yStart='8347.861' xEnd='8174.8477' yEnd='8751.297' height='452.1' thickness='38.100002' pattern='hatchUp'/>
  <wall id='wall111' level='level0' xStart='7536.7656' yStart='6603.7446' xEnd='7536.7656' yEnd='7483.7446' height='452.1' thickness='38.100002' pattern='hatchUp'/>
  <wall id='wall112' level='level0' wallAtEnd='wall113' xStart='7540.623' yStart='7483.7446' xEnd='7540.623' yEnd='8756.529' height='452.1' thickness='38.100002' pattern='hatchUp'/>
  <wall id='wall113' level='level0' wallAtStart='wall112' wallAtEnd='wall114' xStart='7540.623' yStart='8756.529' xEnd='6546.8843' yEnd='8750.838' height='452.1' thickness='38.100002' pattern='hatchUp'/>
  <wall id='wall114' level='level0' wallAtStart='wall113' xStart='6546.8843' yStart='8750.838' xEnd='6540.9595' yEnd='6598.0527' height='452.1' thickness='38.100002' pattern='hatchUp'/>
  <wall id='wall115' level='level0' xStart='6531.3486' yStart='6603.7446' xEnd='7536.7656' yEnd='6603.7446' height='452.1' thickness='38.100002' pattern='hatchUp'/>
  <wall id='wall116' level='level0' xStart='6537.2734' yStart='7028.963' xEnd='7522.953' yEnd='7028.963' height='452.1' thickness='38.100002' pattern='hatchUp'/>
  <wall id='wall117' level='level0' xStart='6546.8843' yStart='7483.7446' xEnd='7522.953' yEnd='7483.7446' height='452.1' thickness='38.100002' pattern='hatchUp'/>
  <wall id='wall118' level='level0' xStart='7110.9414' yStart='7028.963' xEnd='7110.9414' yEnd='7483.7446' height='452.1' thickness='38.100002' pattern='hatchUp'/>
  <wall id='wall119' level='level0' xStart='6885.8105' yStart='6620.175' xEnd='6885.8105' yEnd='7028.963' height='452.1' thickness='38.100002' pattern='hatchUp'/>
  <wall id='wall120' level='level0' xStart='6537.2734' yStart='8353.092' xEnd='7536.7656' yEnd='8353.092' height='452.1' thickness='38.100002' pattern='hatchUp'/>
  <wall id='wall121' level='level0' xStart='7149.45' yStart='8353.092' xEnd='7149.45' yEnd='8756.529' height='452.1' thickness='38.100002' pattern='hatchUp'/>
  <wall id='wall122' level='level0' xStart='6503.984' yStart='6603.871' xEnd='6503.984' yEnd='7483.871' height='452.1' thickness='38.100002' pattern='hatchUp'/>
  <wall id='wall123' level='level0' wallAtEnd='wall124' xStart='6507.8413' yStart='7483.871' xEnd='6507.8413' yEnd='8756.654' height='452.1' thickness='38.100002' pattern='hatchUp'/>
  <wall id='wall124' level='level0' wallAtStart='wall123' wallAtEnd='wall125' xStart='6507.8413' yStart='8756.654' xEnd='5514.1025' yEnd='8750.963' height='452.1' thickness='38.100002' pattern='hatchUp'/>
  <wall id='wall125' level='level0' wallAtStart='wall124' xStart='5514.1025' yStart='8750.963' xEnd='5508.1777' yEnd='6598.179' height='452.1' thickness='38.100002' pattern='hatchUp'/>
  <wall id='wall126' level='level0' xStart='5498.567' yStart='6603.871' xEnd='6503.984' yEnd='6603.871' height='452.1' thickness='38.100002' pattern='hatchUp'/>
  <wall id='wall127' level='level0' xStart='5504.4917' yStart='7029.0894' xEnd='6490.1714' yEnd='7029.0894' height='452.1' thickness='38.100002' pattern='hatchUp'/>
  <wall id='wall128' level='level0' xStart='5514.1025' yStart='7483.871' xEnd='6490.1714' yEnd='7483.871' height='452.1' thickness='38.100002' pattern='hatchUp'/>
  <wall id='wall129' level='level0' xStart='6078.1597' yStart='7029.0894' xEnd='6078.1597' yEnd='7483.871' height='452.1' thickness='38.100002' pattern='hatchUp'/>
  <wall id='wall130' level='level0' xStart='5853.029' yStart='6620.3013' xEnd='5853.029' yEnd='7029.0894' height='452.1' thickness='38.100002' pattern='hatchUp'/>
  <wall id='wall131' level='level0' xStart='5504.4917' yStart='8353.219' xEnd='6503.984' yEnd='8353.219' height='452.1' thickness='38.100002' pattern='hatchUp'/>
  <wall id='wall132' level='level0' xStart='6116.6685' yStart='8353.219' xEnd='6116.6685' yEnd='8756.654' height='452.1' thickness='38.100002' pattern='hatchUp'/>
  <wall id='wall133' level='level0' xStart='5466.764' yStart='6598.0166' xEnd='5466.764' yEnd='7478.0166' height='452.1' thickness='38.100002' pattern='hatchUp'/>
  <wall id='wall134' level='level0' wallAtEnd='wall135' xStart='5470.6216' yStart='7478.0166' xEnd='5470.6216' yEnd='8750.801' height='452.1' thickness='38.100002' pattern='hatchUp'/>
  <wall id='wall135' level='level0' wallAtStart='wall134' wallAtEnd='wall136' xStart='5470.6216' yStart='8750.801' xEnd='4476.8823' yEnd='8745.109' height='452.1' thickness='38.100002' pattern='hatchUp'/>
  <wall id='wall136' level='level0' wallAtStart='wall135' xStart='4476.8823' yStart='8745.109' xEnd='4470.9575' yEnd='6592.3247' height='452.1' thickness='38.100002' pattern='hatchUp'/>
  <wall id='wall137' level='level0' xStart='4461.3467' yStart='6598.0166' xEnd='5466.764' yEnd='6598.0166' height='452.1' thickness='38.100002' pattern='hatchUp'/>
  <wall id='wall138' level='level0' xStart='4467.2715' yStart='7023.235' xEnd='5452.9517' yEnd='7023.235' height='452.1' thickness='38.100002' pattern='hatchUp'/>
  <wall id='wall139' level='level0' xStart='4476.8823' yStart='7478.0166' xEnd='5452.9517' yEnd='7478.0166' height='452.1' thickness='38.100002' pattern='hatchUp'/>
  <wall id='wall140' level='level0' xStart='5040.9395' yStart='7023.235' xEnd='5040.9395' yEnd='7478.0166' height='452.1' thickness='38.100002' pattern='hatchUp'/>
  <wall id='wall141' level='level0' xStart='4815.8086' yStart='6614.447' xEnd='4815.8086' yEnd='7023.235' height='452.1' thickness='38.100002' pattern='hatchUp'/>
  <wall id='wall142' level='level0' xStart='4467.2715' yStart='8347.365' xEnd='5466.764' yEnd='8347.365' height='452.1' thickness='38.100002' pattern='hatchUp'/>
  <wall id='wall143' level='level0' xStart='5079.448' yStart='8347.365' xEnd='5079.448' yEnd='8750.801' height='452.1' thickness='38.100002' pattern='hatchUp'/>
  <wall id='wall144' level='level0' xStart='8568.919' yStart='8764.063' xEnd='8568.919' yEnd='9644.063' height='452.1' thickness='38.100002' pattern='hatchUp'/>
  <wall id='wall145' level='level0' wallAtEnd='wall146' xStart='8572.776' yStart='9644.063' xEnd='8572.776' yEnd='10916.848' height='452.1' thickness='38.100002' pattern='hatchUp'/>
  <wall id='wall146' level='level0' wallAtStart='wall145' wallAtEnd='wall147' xStart='8572.776' yStart='10916.848' xEnd='7579.0376' yEnd='10911.156' height='452.1' thickness='38.100002' pattern='hatchUp'/>
  <wall id='wall147' level='level0' wallAtStart='wall146' xStart='7579.0376' yStart='10911.156' xEnd='7573.113' yEnd='8758.371' height='452.1' thickness='38.100002' pattern='hatchUp'/>
  <wall id='wall148' level='level0' xStart='7563.502' yStart='8764.063' xEnd='8568.919' yEnd='8764.063' height='452.1' thickness='38.100002' pattern='hatchUp'/>
  <wall id='wall149' level='level0' xStart='7569.427' yStart='9189.282' xEnd='8555.106' yEnd='9189.282' height='452.1' thickness='38.100002' pattern='hatchUp'/>
  <wall id='wall150' level='level0' xStart='7579.0376' yStart='9644.063' xEnd='8555.106' yEnd='9644.063' height='452.1' thickness='38.100002' pattern='hatchUp'/>
  <wall id='wall151' level='level0' xStart='8143.0947' yStart='9189.282' xEnd='8143.0947' yEnd='9644.063' height='452.1' thickness='38.100002' pattern='hatchUp'/>
  <wall id='wall152' level='level0' xStart='7917.964' yStart='8780.494' xEnd='7917.964' yEnd='9189.282' height='452.1' thickness='38.100002' pattern='hatchUp'/>
  <wall id='wall153' level='level0' xStart='7569.427' yStart='10513.412' xEnd='8568.919' yEnd='10513.412' height='452.1' thickness='38.100002' pattern='hatchUp'/>
  <wall id='wall154' level='level0' xStart='8181.6035' yStart='10513.412' xEnd='8181.6035' yEnd='10916.848' height='452.1' thickness='38.100002' pattern='hatchUp'/>
  <wall id='wall155' level='level0' xStart='7543.5215' yStart='8769.295' xEnd='7543.5215' yEnd='9649.296' height='452.1' thickness='38.100002' pattern='hatchUp'/>
  <wall id='wall156' level='level0' wallAtEnd='wall157' xStart='7547.379' yStart='9649.296' xEnd='7547.379' yEnd='10922.08' height='452.1' thickness='38.100002' pattern='hatchUp'/>
  <wall id='wall157' level='level0' wallAtStart='wall156' wallAtEnd='wall158' xStart='7547.379' yStart='10922.08' xEnd='6553.64' yEnd='10916.389' height='452.1' thickness='38.100002' pattern='hatchUp'/>
  <wall id='wall158' level='level0' wallAtStart='wall157' xStart='6553.64' yStart='10916.389' xEnd='6547.7153' yEnd='8763.604' height='452.1' thickness='38.100002' pattern='hatchUp'/>
  <wall id='wall159' level='level0' xStart='6538.1045' yStart='8769.295' xEnd='7543.5215' yEnd='8769.295' height='452.1' thickness='38.100002' pattern='hatchUp'/>
  <wall id='wall160' level='level0' xStart='6544.0293' yStart='9194.514' xEnd='7529.709' yEnd='9194.514' height='452.1' thickness='38.100002' pattern='hatchUp'/>
  <wall id='wall161' level='level0' xStart='6553.64' yStart='9649.296' xEnd='7529.709' yEnd='9649.296' height='452.1' thickness='38.100002' pattern='hatchUp'/>
  <wall id='wall162' level='level0' xStart='7117.6973' yStart='9194.514' xEnd='7117.6973' yEnd='9649.296' height='452.1' thickness='38.100002' pattern='hatchUp'/>
  <wall id='wall163' level='level0' xStart='6892.5664' yStart='8785.726' xEnd='6892.5664' yEnd='9194.514' height='452.1' thickness='38.100002' pattern='hatchUp'/>
  <wall id='wall164' level='level0' xStart='6544.0293' yStart='10518.643' xEnd='7543.5215' yEnd='10518.643' height='452.1' thickness='38.100002' pattern='hatchUp'/>
  <wall id='wall165' level='level0' xStart='7156.206' yStart='10518.643' xEnd='7156.206' yEnd='10922.08' height='452.1' thickness='38.100002' pattern='hatchUp'/>
  <wall id='wall166' level='level0' xStart='6510.7397' yStart='8769.422' xEnd='6510.7397' yEnd='9649.422' height='452.1' thickness='38.100002' pattern='hatchUp'/>
  <wall id='wall167' level='level0' wallAtEnd='wall168' xStart='6514.597' yStart='9649.422' xEnd='6514.597' yEnd='10922.205' height='452.1' thickness='38.100002' pattern='hatchUp'/>
  <wall id='wall168' level='level0' wallAtStart='wall167' wallAtEnd='wall169' xStart='6514.597' yStart='10922.205' xEnd='5520.8584' yEnd='10916.514' height='452.1' thickness='38.100002' pattern='hatchUp'/>
  <wall id='wall169' level='level0' wallAtStart='wall168' xStart='5520.8584' yStart='10916.514' xEnd='5514.9336' yEnd='8763.73' height='452.1' thickness='38.100002' pattern='hatchUp'/>
  <wall id='wall170' level='level0' xStart='5505.3228' yStart='8769.422' xEnd='6510.7397' yEnd='8769.422' height='452.1' thickness='38.100002' pattern='hatchUp'/>
  <wall id='wall171' level='level0' xStart='5511.2476' yStart='9194.64' xEnd='6496.9272' yEnd='9194.64' height='452.1' thickness='38.100002' pattern='hatchUp'/>
  <wall id='wall172' level='level0' xStart='5520.8584' yStart='9649.422' xEnd='6496.9272' yEnd='9649.422' height='452.1' thickness='38.100002' pattern='hatchUp'/>
  <wall id='wall173' level='level0' xStart='6084.9155' yStart='9194.64' xEnd='6084.9155' yEnd='9649.422' height='452.1' thickness='38.100002' pattern='hatchUp'/>
  <wall id='wall174' level='level0' xStart='5859.7847' yStart='8785.852' xEnd='5859.7847' yEnd='9194.64' height='452.1' thickness='38.100002' pattern='hatchUp'/>
  <wall id='wall175' level='level0' xStart='5511.2476' yStart='10518.77' xEnd='6510.7397' yEnd='10518.77' height='452.1' thickness='38.100002' pattern='hatchUp'/>
  <wall id='wall176' level='level0' xStart='6123.4243' yStart='10518.77' xEnd='6123.4243' yEnd='10922.205' height='452.1' thickness='38.100002' pattern='hatchUp'/>
  <wall id='wall177' level='level0' xStart='5473.52' yStart='8763.567' xEnd='5473.52' yEnd='9643.567' height='452.1' thickness='38.100002' pattern='hatchUp'/>
  <wall id='wall178' level='level0' wallAtEnd='wall179' xStart='5477.3774' yStart='9643.567' xEnd='5477.3774' yEnd='10916.352' height='452.1' thickness='38.100002' pattern='hatchUp'/>
  <wall id='wall179' level='level0' wallAtStart='wall178' wallAtEnd='wall180' xStart='5477.3774' yStart='10916.352' xEnd='4483.638' yEnd='10910.66' height='452.1' thickness='38.100002' pattern='hatchUp'/>
  <wall id='wall180' level='level0' wallAtStart='wall179' xStart='4483.638' yStart='10910.66' xEnd='4477.7134' yEnd='8757.875' height='452.1' thickness='38.100002' pattern='hatchUp'/>
  <wall id='wall181' level='level0' xStart='4468.1025' yStart='8763.567' xEnd='5473.52' yEnd='8763.567' height='452.1' thickness='38.100002' pattern='hatchUp'/>
  <wall id='wall182' level='level0' xStart='4474.0273' yStart='9188.786' xEnd='5459.7075' yEnd='9188.786' height='452.1' thickness='38.100002' pattern='hatchUp'/>
  <wall id='wall183' level='level0' xStart='4483.638' yStart='9643.567' xEnd='5459.7075' yEnd='9643.567' height='452.1' thickness='38.100002' pattern='hatchUp'/>
  <wall id='wall184' level='level0' xStart='5047.6953' yStart='9188.786' xEnd='5047.6953' yEnd='9643.567' height='452.1' thickness='38.100002' pattern='hatchUp'/>
  <wall id='wall185' level='level0' xStart='4822.5645' yStart='8779.998' xEnd='4822.5645' yEnd='9188.786' height='452.1' thickness='38.100002' pattern='hatchUp'/>
  <wall id='wall186' level='level0' xStart='4474.0273' yStart='10512.916' xEnd='5473.52' yEnd='10512.916' height='452.1' thickness='38.100002' pattern='hatchUp'/>
  <wall id='wall187' level='level0' xStart='5086.204' yStart='10512.916' xEnd='5086.204' yEnd='10916.352' height='452.1' thickness='38.100002' pattern='hatchUp'/>
  <wall id='wall188' level='level0' wallAtEnd='wall189' xStart='4909.589' yStart='2351.0598' xEnd='6000.0776' yEnd='2336.8616' height='452.1' thickness='38.100002' pattern='hatchUp'/>
  <wall id='wall189' level='level0' wallAtStart='wall188' xStart='6000.0776' yStart='2336.8616' xEnd='6010.858' yEnd='4433.808' height='452.1' thickness='38.100002' pattern='hatchUp'/>
  <wall id='wall190' level='level0' xStart='4961.499' yStart='4415.6455' xEnd='4926.9585' yEnd='2341.7712' height='452.1' thickness='38.100002' pattern='hatchUp'/>
  <room level='level0' areaVisible='true' floorColor='FFA8A8A8' ceilingColor='FFA8A8A8'>
    <point x='6796.581' y='2205.3835'/>
    <point x='7252.9883' y='2205.3835'/>
    <point x='7252.9883' y='3074.2683'/>
    <point x='6796.581' y='3074.2683'/>
  </room>
  <room level='level0' areaVisible='true' floorColor='FFA8A8A8' ceilingColor='FFA8A8A8'>
    <point x='6409.8184' y='2209.9143'/>
    <point x='6758.4814' y='2205.3835'/>
    <point x='6758.4814' y='2718.9573'/>
    <point x='6404.4756' y='2718.9573'/>
  </room>
  <room level='level0' areaVisible='true' floorColor='FFA8A8A8' ceilingColor='FFA8A8A8'>
    <point x='6043.3984' y='2211.6223'/>
    <point x='6366.375' y='2205.3835'/>
    <point x='6366.375' y='2718.9573'/>
    <point x='6041.577' y='2718.9573'/>
  </room>
  <room level='level0' areaVisible='true' floorColor='FFA8A8A8' ceilingColor='FFA8A8A8'>
    <point x='7314.2627' y='2212.9417'/>
    <point x='8368.887' y='2212.9417'/>
    <point x='8368.887' y='3074.2683'/>
    <point x='7318.915' y='3074.2683'/>
  </room>
  <room level='level0' areaVisible='true' floorColor='FFA8A8A8' ceilingColor='FFA8A8A8'>
    <point x='6411.1553' y='2768.0317'/>
    <point x='6758.4814' y='2768.0317'/>
    <point x='6758.4814' y='3074.2683'/>
    <point x='6411.1553' y='3074.2683'/>
  </room>
  <room level='level0' areaVisible='true' floorColor='FFA8A8A8' ceilingColor='FFA8A8A8'>
    <point x='6051.674' y='2760.0374'/>
    <point x='6366.375' y='2760.0374'/>
    <point x='6366.375' y='3066.2737'/>
    <point x='6051.674' y='3066.2737'/>
  </room>
  <room level='level0' areaVisible='true' floorColor='FFA8A8A8' ceilingColor='FFA8A8A8'>
    <point x='7734.582' y='3111.5442'/>
    <point x='8352.418' y='3111.5442'/>
    <point x='8352.418' y='3603.8584'/>
    <point x='7734.582' y='3603.8584'/>
  </room>
  <room level='level0' areaVisible='true' floorColor='FFA8A8A8' ceilingColor='FFA8A8A8'>
    <point x='7735.828' y='3667.2373'/>
    <point x='8147.3076' y='3667.2373'/>
    <point x='8147.3076' y='3925.543'/>
    <point x='7735.828' y='3925.543'/>
  </room>
  <room level='level0' areaVisible='true' floorColor='FFA8A8A8' ceilingColor='FFA8A8A8'>
    <point x='6051.1465' y='3313.215'/>
    <point x='6397.177' y='3297.7966'/>
    <point x='6397.177' y='3909.9365'/>
    <point x='6048.77' y='3909.9365'/>
  </room>
  <room level='level0' areaVisible='true' floorColor='FFA8A8A8' ceilingColor='FFA8A8A8'>
    <point x='7730.6533' y='4161.96'/>
    <point x='8366.996' y='4161.96'/>
    <point x='8368.886' y='4377.08'/>
    <point x='7731.653' y='4377.08'/>
  </room>
  <room level='level0' areaVisible='true' floorColor='FFA8A8A8' ceilingColor='FFA8A8A8'>
    <point x='7721.9863' y='3971.8252'/>
    <point x='8366.996' y='3971.8252'/>
    <point x='8366.996' y='4111.0654'/>
    <point x='7730.6533' y='4111.0654'/>
  </room>
  <room level='level0' areaVisible='true' floorColor='FFA8A8A8' ceilingColor='FFA8A8A8'>
    <point x='8196.967' y='3662.5615'/>
    <point x='8365.107' y='3665.6592'/>
    <point x='8365.107' y='3858.6995'/>
    <point x='8196.967' y='3858.6995'/>
  </room>
  <room level='level0' areaVisible='true' floorColor='FF19BCF7' ceilingVisible='false'>
    <point x='6778.9053' y='3432.2014'/>
    <point x='7355.4854' y='3432.2014'/>
    <point x='7355.4854' y='3990.1758'/>
    <point x='6762.7744' y='3990.1758'/>
  </room>
  <room level='level0' areaVisible='true' floorColor='FFA8A8A8'>
    <point x='6041.577' y='4377.079'/>
    <point x='7683.8857' y='4377.079'/>
    <point x='7683.8857' y='4024.0234'/>
    <point x='6435.2773' y='4024.0234'/>
    <point x='6435.2773' y='4061.0664'/>
    <point x='6397.177' y='4061.0664'/>
    <point x='6397.177' y='3971.8252'/>
    <point x='6041.577' y='3971.8252'/>
  </room>
  <room level='level0' areaVisible='true' floorColor='FFA8A8A8'>
    <point x='6041.577' y='3112.3684'/>
    <point x='7674.798' y='3112.3684'/>
    <point x='7674.798' y='3368.9084'/>
    <point x='7395.3965' y='3368.9084'/>
    <point x='7085.5176' y='3368.9084'/>
    <point x='6707.0566' y='3368.9084'/>
    <point x='6435.2773' y='3368.9084'/>
    <point x='6435.2773' y='3249.5286'/>
    <point x='6041.577' y='3249.5286'/>
  </room>
  <room level='level0' areaVisible='true' floorColor='FFA8A8A8'>
    <point x='6435.2773' y='3368.9084'/>
    <point x='6435.2773' y='4024.0234'/>
    <point x='6696.8975' y='4024.0234'/>
    <point x='6707.0566' y='3368.9084'/>
  </room>
  <room level='level0' areaVisible='true' floorColor='FFA8A8A8'>
    <point x='7395.3965' y='3368.9084'/>
    <point x='7683.8857' y='3368.9084'/>
    <point x='7683.8857' y='4024.0234'/>
    <point x='7395.3965' y='4024.0234'/>
  </room>
  <room level='level1' areaVisible='true' floorColor='FFA8A8A8' ceilingColor='FFA8A8A8'>
    <point x='6047.2944' y='2216.4797'/>
    <point x='6370.274' y='2210.241'/>
    <point x='6370.274' y='2723.8145'/>
    <point x='6045.473' y='2723.8145'/>
  </room>
  <room level='level1' areaVisible='true' floorColor='FFA8A8A8' ceilingColor='FFA8A8A8'>
    <point x='6413.7173' y='2214.7717'/>
    <point x='6762.3833' y='2210.241'/>
    <point x='6762.3833' y='2723.8145'/>
    <point x='6408.3745' y='2723.8145'/>
  </room>
  <room level='level1' areaVisible='true' floorColor='FFA8A8A8' ceilingColor='FFA8A8A8'>
    <point x='6800.484' y='2210.241'/>
    <point x='7256.895' y='2210.241'/>
    <point x='7256.895' y='3079.1257'/>
    <point x='6800.484' y='3079.1257'/>
  </room>
  <room level='level1' areaVisible='true' floorColor='FFA8A8A8' ceilingColor='FFA8A8A8'>
    <point x='7318.1685' y='2217.799'/>
    <point x='8372.796' y='2217.799'/>
    <point x='8372.796' y='3079.1257'/>
    <point x='7322.822' y='3079.1257'/>
  </room>
  <room level='level1' areaVisible='true' floorColor='FFA8A8A8' ceilingColor='FFA8A8A8'>
    <point x='6055.57' y='2764.8945'/>
    <point x='6370.274' y='2764.8945'/>
    <point x='6370.274' y='3071.131'/>
    <point x='6055.57' y='3071.131'/>
  </room>
  <room level='level1' areaVisible='true' floorColor='FFA8A8A8' ceilingColor='FFA8A8A8'>
    <point x='6415.054' y='2772.889'/>
    <point x='6762.3833' y='2772.889'/>
    <point x='6762.3833' y='3079.1257'/>
    <point x='6415.054' y='3079.1257'/>
  </room>
  <room level='level1' areaVisible='true' floorColor='FFA8A8A8' ceilingColor='FFA8A8A8'>
    <point x='6055.0425' y='3318.0728'/>
    <point x='6401.0757' y='3302.6543'/>
    <point x='6401.0757' y='3914.7942'/>
    <point x='6052.6655' y='3914.7942'/>
  </room>
  <room level='level1' areaVisible='true' floorColor='FFA8A8A8' ceilingColor='FFA8A8A8'>
    <point x='7738.4937' y='3116.4016'/>
    <point x='8356.329' y='3116.4016'/>
    <point x='8356.329' y='3608.7158'/>
    <point x='7738.4937' y='3608.7158'/>
  </room>
  <room level='level1' areaVisible='true' floorColor='FFA8A8A8' ceilingColor='FFA8A8A8'>
    <point x='7739.7397' y='3672.0952'/>
    <point x='8151.2217' y='3672.0952'/>
    <point x='8151.2217' y='3930.4004'/>
    <point x='7739.7397' y='3930.4004'/>
  </room>
  <room level='level1' areaVisible='true' floorColor='FFA8A8A8' ceilingVisible='false' ceilingColor='FFA8A8A8'>
    <point x='7734.566' y='4166.8174'/>
    <point x='8370.907' y='4166.8174'/>
    <point x='8372.796' y='4367.372'/>
    <point x='7734.566' y='4367.372'/>
  </room>
  <room level='level1' areaVisible='true' floorColor='FFA8A8A8'>
    <point x='6045.473' y='3163.4915'/>
    <point x='7678.7085' y='3163.4915'/>
    <point x='7678.7085' y='3420.0317'/>
    <point x='7399.305' y='3420.0317'/>
    <point x='7086.8823' y='3420.0317'/>
    <point x='6710.9585' y='3420.0317'/>
    <point x='6439.1763' y='3420.0317'/>
    <point x='6439.1763' y='3300.6516'/>
    <point x='6045.473' y='3300.6516'/>
  </room>
  <room level='level1' areaVisible='true' floorColor='FFA8A8A8'>
    <point x='6439.1763' y='3373.766'/>
    <point x='6439.1763' y='4028.8809'/>
    <point x='6762.3833' y='4028.8809'/>
    <point x='6762.3833' y='3373.766'/>
  </room>
  <room level='level1' areaVisible='true' floorColor='FFA8A8A8'>
    <point x='7318.1685' y='3373.766'/>
    <point x='7687.7983' y='3373.766'/>
    <point x='7687.7983' y='4028.8809'/>
    <point x='7318.1685' y='4028.8809'/>
  </room>
  <room level='level1' areaVisible='true' floorColor='FFA8A8A8' ceilingVisible='false'>
    <point x='6045.473' y='4380.925'/>
    <point x='7687.7983' y='4380.925'/>
    <point x='7687.7983' y='4027.8633'/>
    <point x='6439.1763' y='4027.8633'/>
    <point x='6439.1763' y='4064.9067'/>
    <point x='6401.0757' y='4064.9067'/>
    <point x='6401.0757' y='3975.6655'/>
    <point x='6045.473' y='3975.6655'/>
  </room>
</home>