<?xml version='1.0'?>
<home version='6000' exportFlags='17' name='1_playing_around.sh3d' camera='topCamera' wallHeight='243.84'>
  <environment groundColor='00A8A8A8' skyColor='00CCE4FC' lightColor='00D0D0D0'>
    <observerCamera attribute='cameraPath' lens='PINHOLE' x='481.64746' y='869.52545' z='170.0' yaw='9.141199' pitch='0.38134944' fieldOfView='1.0995575' time='1543406400000'/>
    <observerCamera attribute='cameraPath' lens='PINHOLE' x='549.2838' y='799.7073' z='170.0' yaw='9.141199' pitch='0.38134944' fieldOfView='1.0995575' time='1543406400000'/>
  </environment>
  <observerCamera attribute='observerCamera' lens='PINHOLE' x='549.2838' y='799.7073' z='170.0' yaw='9.141199' pitch='0.38134944' fieldOfView='1.0995575' time='1543406400000'/>
  <camera attribute='topCamera' lens='PINHOLE' x='1469.3503' y='2884.4805' z='1549.9904' yaw='-3.5133872' pitch='0.47000098' fieldOfView='1.0995575' time='1543406400000'/>
  <pieceOfFurniture catalogId='OlaKristianHoff#stairs_legal' name='Straight staircase' creator='Ola-Kristian Hoff' model='1/stairs_legal.obj' x='680.29565' y='147.05534' elevation='20.0025' width='72.39' depth='158.11499' height='349.88495' modelMirrored='true' shininess='0.5' modelSize='11976' movable='false' staircaseCutOutShape='M0,0 h1 v0.97 h-1 z'/>
  <doorOrWindow catalogId='Scopia#door' name='Door' creator='Scopia' model='3/door.obj' x='243.5265' y='576.3418' angle='4.712389' width='95.885' depth='17.780748' height='209.8675' modelSize='146649' movable='false' cutOutShape='M0,0 v1 h1 v-1 z' wallCutOutOnBothSides='true'/>
  <doorOrWindow catalogId='eTeks#openDoor' name='Open door' creator='eTeks' model='5' x='812.9729' y='265.81073' width='109.22' widthInPlan='109.22001' depth='81.156525' height='208.28' modelSize='14055' movable='false' cutOutShape='M0,0 v1 h1 v-1 z' wallCutOutOnBothSides='true'/>
  <doorOrWindow catalogId='eTeks#window85x123' name='Small window' creator='eTeks' model='7' x='296.3' y='195.86569' width='133.9611' depth='77.896065' height='172.4025' modelSize='9333' movable='false' cutOutShape='M0,0 v1 h1 v-1 z' wallCutOutOnBothSides='true' wallWidth='0.71148944' wallLeft='0.2885106'>
    <transformation name='sweethome3d_hinge_1' matrix='-0.47124746 0 0.27829883 -0.6232314 0 1 0 0 -2.7952895 0 -0.47124746 -1.1781055'/>
  </doorOrWindow>
  <pieceOfFurniture catalogId='Sleipnir1#chair2' name='Chair' creator='Sleipnir1' model='9' x='100.05829' y='413.35342' angle='4.9741883' width='38.1' depth='52.07' height='98.1075' modelSize='22105'/>
  <pieceOfFurniture catalogId='Blend Swap CC-BY#spatifilum' name='Spathiphyllum' creator='HeraSK' model='11/spatifilum.obj' x='83.417175' y='98.387024' width='79.6925' depth='74.93' height='87.63' modelSize='4489127'/>
  <pieceOfFurniture catalogId='Blend Swap CC-BY#table' name='Table' creator='Jay-Artist' model='13/table.obj' x='384.71176' y='85.73801' width='144.145' depth='93.345' height='72.39' modelSize='38731'/>
  <pieceOfFurniture catalogId='Blend Swap CC-BY#siameseCat' name='Siamese cat' creator='Gwinna' model='15/siameseCat.obj' x='986.5189' y='730.3073' width='15.24' widthInPlan='15.239997' depth='68.58' height='42.2275' modelSize='142081'/>
  <pieceOfFurniture catalogId='OlaKristianHoff#column_balustrade' name='Balustrade column' creator='Ola-Kristian Hoff' model='17/column_balustrade.obj' x='408.47284' y='381.3818' width='29.845' depth='24.4475' height='244.7925' modelSize='27869' movable='false'/>
  <pieceOfFurniture catalogId='OlaKristianHoff#column_balustrade' name='Balustrade column' creator='Ola-Kristian Hoff' model='17/column_balustrade.obj' x='521.38086' y='383.132' width='29.845' depth='24.4475' height='244.7925' modelSize='27869' movable='false'/>
  <pieceOfFurniture catalogId='OlaKristianHoff#column_balustrade' name='Balustrade column' creator='Ola-Kristian Hoff' model='17/column_balustrade.obj' x='644.24335' y='384.88217' width='29.845' depth='24.4475' height='244.7925' modelSize='27869' movable='false'/>
  <pieceOfFurniture catalogId='OlaKristianHoff#column_balustrade' name='Balustrade column' creator='Ola-Kristian Hoff' model='17/column_balustrade.obj' x='647.65265' y='477.88138' width='29.845' depth='24.4475' height='244.7925' modelSize='27869' movable='false'/>
  <pieceOfFurniture catalogId='OlaKristianHoff#column_balustrade' name='Balustrade column' creator='Ola-Kristian Hoff' model='17/column_balustrade.obj' x='649.4029' y='599.0848' width='29.845' depth='24.4475' height='244.7925' modelSize='27869' movable='false'/>
  <pieceOfFurniture catalogId='OlaKristianHoff#column_balustrade' name='Balustrade column' creator='Ola-Kristian Hoff' model='17/column_balustrade.obj' x='526.5404' y='600.65265' width='29.845' depth='24.4475' height='244.7925' modelSize='27869' movable='false'/>
  <pieceOfFurniture catalogId='OlaKristianHoff#column_balustrade' name='Balustrade column' creator='Ola-Kristian Hoff' model='17/column_balustrade.obj' x='415.38263' y='597.33453' width='29.845' depth='24.4475' height='244.7925' modelSize='27869' movable='false'/>
  <pieceOfFurniture catalogId='OlaKristianHoff#column_balustrade' name='Balustrade column' creator='Ola-Kristian Hoff' model='17/column_balustrade.obj' x='407.08728' y='487.8358' width='29.845' depth='24.4475' height='244.7925' modelSize='27869' movable='false'/>
  <pieceOfFurniture catalogId='Blend Swap CC-BY#yuccaPlant' name='Yucca' creator='Betomo16' model='19/yuccaPlant.obj' x='92.356384' y='245.43964' width='107.95' depth='102.5525' height='180.02249' modelSize='912950'/>
  <pieceOfFurniture catalogId='Scopia#wood_logs' name='Wood logs' creator='Scopia' model='21/wood_logs.obj' x='705.7402' y='392.68295' width='40.3225' depth='69.85' height='31.75' modelSize='200098'/>
  <furnitureGroup name='Group -3-' x='464.92688' y='382.71036' width='83.06302' depth='24.833862' height='43.180004'>
    <pieceOfFurniture name='Stone' model='23/Stone%204.3DS' x='439.27036' y='382.35843' width='31.75' widthInPlan='31.750021' depth='24.13' depthInPlan='24.130007' height='43.18' heightInPlan='43.180004' modelSize='3965029'/>
    <pieceOfFurniture name='Stone' model='23/Stone%204.3DS' x='468.30392' y='382.48453' width='31.75' widthInPlan='31.750021' depth='24.13' depthInPlan='24.130007' height='43.18' heightInPlan='43.180004' modelSize='3965029'/>
    <pieceOfFurniture name='Stone' model='23/Stone%204.3DS' x='490.58334' y='383.0623' width='31.75' widthInPlan='31.750021' depth='24.13' depthInPlan='24.130007' height='43.18' heightInPlan='43.180004' modelSize='3965029'/>
  </furnitureGroup>
  <pieceOfFurniture name='Stone' model='23/Stone%204.3DS' x='553.21967' y='383.83957' width='31.75' widthInPlan='31.750021' depth='24.13' depthInPlan='24.130007' height='43.18' heightInPlan='43.180004' modelSize='3965029'/>
  <pieceOfFurniture name='Stone' model='23/Stone%204.3DS' x='582.2533' y='383.96567' width='31.75' widthInPlan='31.750021' depth='24.13' depthInPlan='24.130007' height='43.18' heightInPlan='43.180004' modelSize='3965029'/>
  <pieceOfFurniture name='Stone' model='23/Stone%204.3DS' x='604.5327' y='384.54343' width='31.75' widthInPlan='31.750021' depth='24.13' depthInPlan='24.130007' height='43.18' heightInPlan='43.180004' modelSize='3965029'/>
  <furnitureGroup name='Group -1-' x='405.75684' y='434.08057' angle='4.712389' width='83.06302' depth='24.833862' height='43.180004'>
    <pieceOfFurniture name='Stone' model='23/Stone%204.3DS' x='405.4049' y='459.73706' angle='4.712389' width='31.75' widthInPlan='31.750021' depth='24.13' depthInPlan='24.130007' height='43.18' heightInPlan='43.180004' modelSize='3965029'/>
    <pieceOfFurniture name='Stone' model='23/Stone%204.3DS' x='405.53098' y='430.7035' angle='4.712389' width='31.75' widthInPlan='31.750021' depth='24.13' depthInPlan='24.130007' height='43.18' heightInPlan='43.180004' modelSize='3965029'/>
    <pieceOfFurniture name='Stone' model='23/Stone%204.3DS' x='406.10876' y='408.42407' angle='4.712389' width='31.75' widthInPlan='31.750021' depth='24.13' depthInPlan='24.130007' height='43.18' heightInPlan='43.180004' modelSize='3965029'/>
  </furnitureGroup>
  <furnitureGroup name='Group -1-' x='409.94806' y='543.5793' angle='4.712389' width='83.06296' depth='24.833862' height='43.180004'>
    <pieceOfFurniture name='Stone' model='23/Stone%204.3DS' x='409.59613' y='569.2358' angle='4.712389' width='31.75' widthInPlan='31.750021' depth='24.13' depthInPlan='24.130007' height='43.18' heightInPlan='43.180004' modelSize='3965029'/>
    <pieceOfFurniture name='Stone' model='23/Stone%204.3DS' x='409.7222' y='540.2022' angle='4.712389' width='31.75' widthInPlan='31.750021' depth='24.13' depthInPlan='24.130007' height='43.18' heightInPlan='43.180004' modelSize='3965029'/>
    <pieceOfFurniture name='Stone' model='23/Stone%204.3DS' x='410.3' y='517.92285' angle='4.712389' width='31.75' widthInPlan='31.750021' depth='24.13' depthInPlan='24.130007' height='43.18' heightInPlan='43.180004' modelSize='3965029'/>
  </furnitureGroup>
  <furnitureGroup name='Group -3-' x='589.0042' y='602.0271' width='83.06299' depth='24.833862' height='43.180004'>
    <pieceOfFurniture name='Stone' model='23/Stone%204.3DS' x='563.3477' y='601.6752' width='31.75' widthInPlan='31.750021' depth='24.13' depthInPlan='24.130007' height='43.18' heightInPlan='43.180004' modelSize='3965029'/>
    <pieceOfFurniture name='Stone' model='23/Stone%204.3DS' x='592.3813' y='601.8013' width='31.75' widthInPlan='31.750021' depth='24.13' depthInPlan='24.130007' height='43.18' heightInPlan='43.180004' modelSize='3965029'/>
    <pieceOfFurniture name='Stone' model='23/Stone%204.3DS' x='614.6607' y='602.379' width='31.75' widthInPlan='31.750021' depth='24.13' depthInPlan='24.130007' height='43.18' heightInPlan='43.180004' modelSize='3965029'/>
  </furnitureGroup>
  <furnitureGroup name='Group -1-' x='649.4643' y='538.2853' angle='4.712389' width='83.06293' depth='24.833862' height='43.180004'>
    <pieceOfFurniture name='Stone' model='23/Stone%204.3DS' x='649.11237' y='563.9417' angle='4.712389' width='31.75' widthInPlan='31.750021' depth='24.13' depthInPlan='24.130007' height='43.18' heightInPlan='43.180004' modelSize='3965029'/>
    <pieceOfFurniture name='Stone' model='23/Stone%204.3DS' x='649.2384' y='534.90814' angle='4.712389' width='31.75' widthInPlan='31.750021' depth='24.13' depthInPlan='24.130007' height='43.18' heightInPlan='43.180004' modelSize='3965029'/>
    <pieceOfFurniture name='Stone' model='23/Stone%204.3DS' x='649.8162' y='512.6288' angle='4.712389' width='31.75' widthInPlan='31.750021' depth='24.13' depthInPlan='24.130007' height='43.18' heightInPlan='43.180004' modelSize='3965029'/>
  </furnitureGroup>
  <furnitureGroup name='Group -1-' x='645.27313' y='433.8212' angle='4.712389' width='83.06287' depth='24.833862' height='43.180004'>
    <pieceOfFurniture name='Stone' model='23/Stone%204.3DS' x='644.9212' y='459.47763' angle='4.712389' width='31.75' widthInPlan='31.750021' depth='24.13' depthInPlan='24.130007' height='43.18' heightInPlan='43.180004' modelSize='3965029'/>
    <pieceOfFurniture name='Stone' model='23/Stone%204.3DS' x='645.0473' y='430.44412' angle='4.712389' width='31.75' widthInPlan='31.750021' depth='24.13' depthInPlan='24.130007' height='43.18' heightInPlan='43.180004' modelSize='3965029'/>
    <pieceOfFurniture name='Stone' model='23/Stone%204.3DS' x='645.62506' y='408.16476' angle='4.712389' width='31.75' widthInPlan='31.750021' depth='24.13' depthInPlan='24.130007' height='43.18' heightInPlan='43.180004' modelSize='3965029'/>
  </furnitureGroup>
  <doorOrWindow catalogId='eTeks#window85x123' name='Small window' creator='eTeks' model='7' x='430.27304' y='195.91847' width='133.985' depth='77.7875' height='172.4025' modelSize='9333' movable='false' cutOutShape='M0,0 v1 h1 v-1 z' wallCutOutOnBothSides='true' wallWidth='0.71148944' wallLeft='0.2885106'>
    <transformation name='sweethome3d_hinge_1' matrix='-0.47124746 0 0.27829883 -0.6232314 0 1 0 0 -2.7952895 0 -0.47124746 -1.1781055'/>
  </doorOrWindow>
  <pieceOfFurniture name='well' model='25/Well%20N030811.3DS' x='460.3128' y='600.2548' angle='4.712389' width='45.72' widthInPlan='45.719997' depth='46.989998' depthInPlan='46.99002' height='49.53' heightInPlan='49.53001' modelSize='616825'/>
  <pieceOfFurniture name='Stone' model='23/Stone%204.3DS' x='495.7429' y='600.12573' width='31.75' widthInPlan='31.750021' depth='24.13' depthInPlan='24.130007' height='43.18' heightInPlan='43.180004' modelSize='3965029'/>
  <wall id='wall0' wallAtEnd='wall1' xStart='-4.136368' yStart='0.8319454' xEnd='910.2636' yEnd='0.8319454' height='243.84' thickness='7.62' pattern='hatchUp'/>
  <wall id='wall1' wallAtStart='wall0' wallAtEnd='wall2' xStart='910.2636' yStart='0.8319454' xEnd='910.2636' yEnd='722.19196' height='243.84' thickness='7.62' pattern='hatchUp'/>
  <wall id='wall2' wallAtStart='wall1' wallAtEnd='wall3' xStart='910.2636' yStart='722.19196' xEnd='-4.136368' yEnd='722.1919' height='243.84' thickness='7.62' pattern='hatchUp'/>
  <wall id='wall3' wallAtStart='wall2' xStart='-4.136368' yStart='722.1919' xEnd='-4.1363993' yEnd='0.8319454' height='243.84' thickness='7.62' pattern='hatchUp'/>
  <wall id='wall4' xStart='242.40909' yStart='0.8319454' xEnd='242.40906' yEnd='722.19196' height='243.84' thickness='7.62' pattern='hatchUp'/>
  <wall id='wall5' xStart='240.45169' yStart='229.92284' xEnd='908.3062' yEnd='229.92284' height='243.84' thickness='7.62' pattern='hatchUp'/>
  <wall id='wall6' xStart='-4.136368' yStart='336.83194' xEnd='242.40909' yEnd='336.83194' height='243.84' thickness='7.62' pattern='hatchUp'/>
  <wall id='wall7' xStart='-4.136368' yStart='511.3774' xEnd='242.40909' yEnd='511.3774' height='243.84' thickness='7.62' pattern='hatchUp'/>
  <wall id='wall8' xStart='-4.136368' yStart='648.8319' xEnd='242.40909' yEnd='648.8319' height='243.84' thickness='7.62' pattern='hatchUp'/>
  <wall id='wall9' xStart='152.95453' yStart='511.3774' xEnd='152.95451' yEnd='722.19196' height='243.84' thickness='7.62' pattern='hatchUp'/>
  <wall id='wall10' xStart='728.9545' yStart='0.8319454' xEnd='728.9545' yEnd='229.92284' height='243.84' thickness='7.62' pattern='hatchUp'/>
  <wall id='wall11' wallAtEnd='wall12' xStart='541.3182' yStart='229.92284' xEnd='541.3182' yEnd='95.30284' height='243.84' thickness='7.62' pattern='hatchUp'/>
  <wall id='wall12' wallAtStart='wall11' wallAtEnd='wall13' xStart='541.3182' yStart='95.30284' xEnd='630.2182' yEnd='95.30284' height='243.84' thickness='7.62' pattern='hatchUp'/>
  <wall id='wall13' wallAtStart='wall12' xStart='630.2182' yStart='95.30284' xEnd='630.2182' yEnd='229.92284' height='243.84' thickness='7.62' pattern='hatchUp'/>
  <wall id='wall14' xStart='541.3182' yStart='95.30284' xEnd='541.3182' yEnd='0.8319454' height='243.84' thickness='7.62' pattern='hatchUp'/>
  <room areaVisible='true' ceilingVisible='false' ceilingColor='FF700031'>
    <texture attribute='floorTexture' name='White roughcast' creator='Scopia' catalogId='eTeksScopia#white-little-roughcast' width='70.0' height='70.0' image='26'/>
    <point x='249.88062' y='232.2974'/>
    <point x='906.4536' y='233.73285'/>
    <point x='906.4536' y='718.38196'/>
    <point x='246.21912' y='718.38196'/>
  </room>
</home>