<?xml version='1.0'?>
<home version='6000' exportFlags='17' name='2_Simple_Plan.sh3d' camera='topCamera' wallHeight='243.84'>
  <environment groundColor='00A8A8A8' skyColor='00CCE4FC' lightColor='00D0D0D0'/>
  <observerCamera attribute='observerCamera' lens='PINHOLE' x='1676.5686' y='1993.5084' z='98.56738' yaw='4.63526' pitch='0.08125066' fieldOfView='1.0995575' time='1543838400000'/>
  <camera attribute='topCamera' lens='PINHOLE' x='2881.331' y='6118.722' z='2988.4578' yaw='-3.4560883' pitch='0.5049998' fieldOfView='1.0995575' time='1543838400000'/>
  <doorOrWindow catalogId='eTeks#doorFrame' name='Door frame' creator='eTeks' model='2' x='285.79202' y='1036.6593' width='91.44' depth='9.678149' height='208.28' modelSize='1281' movable='false' cutOutShape='M0,0 v1 h1 v-1 z' wallCutOutOnBothSides='true'/>
  <doorOrWindow catalogId='eTeks#doorFrame' name='Door frame' creator='eTeks' model='2' x='670.5416' y='1036.6593' width='91.44' depth='9.678149' height='208.28' modelSize='1281' movable='false' cutOutShape='M0,0 v1 h1 v-1 z' wallCutOutOnBothSides='true'/>
  <doorOrWindow catalogId='eTeks#doorFrame' name='Door frame' creator='eTeks' model='2' x='1094.9219' y='1036.6593' width='175.26' depth='9.678149' height='208.28' modelSize='1281' movable='false' cutOutShape='M0,0 v1 h1 v-1 z' wallCutOutOnBothSides='true'/>
  <doorOrWindow catalogId='eTeks#doorFrame' name='Door frame' creator='eTeks' model='2' x='1515.4534' y='1036.6593' width='208.28' widthInPlan='208.28008' depth='9.678149' height='208.28' modelSize='1281' movable='false' cutOutShape='M0,0 v1 h1 v-1 z' wallCutOutOnBothSides='true'/>
  <doorOrWindow catalogId='eTeks#doorFrame' name='Door frame' creator='eTeks' model='2' x='1776.42' y='1746.3705' angle='1.5707964' width='121.92' depth='9.678149' height='208.28' modelSize='1281' movable='false' cutOutShape='M0,0 v1 h1 v-1 z' wallCutOutOnBothSides='true'/>
  <doorOrWindow catalogId='eTeks#doorFrame' name='Door frame' creator='eTeks' model='2' x='1904.9485' y='1896.1166' width='125.729996' widthInPlan='125.73001' depth='9.678149' height='208.28' modelSize='1281' movable='false' cutOutShape='M0,0 v1 h1 v-1 z' wallCutOutOnBothSides='true'/>
  <doorOrWindow catalogId='eTeks#doorFrame' name='Door frame' creator='eTeks' model='2' x='1776.42' y='2173.5664' angle='1.5707964' width='125.729996' depth='9.678149' height='208.28' modelSize='1281' movable='false' cutOutShape='M0,0 v1 h1 v-1 z' wallCutOutOnBothSides='true'/>
  <doorOrWindow catalogId='eTeks#doorFrame' name='Door frame' creator='eTeks' model='2' x='2461.4456' y='2168.6528' angle='4.712389' width='125.729996' depth='9.678149' height='208.28' modelSize='1281' movable='false' cutOutShape='M0,0 v1 h1 v-1 z' wallCutOutOnBothSides='true'/>
  <doorOrWindow catalogId='eTeks#doorFrame' name='Door frame' creator='eTeks' model='2' x='2305.155' y='2078.238' width='88.9' widthInPlan='88.899994' depth='9.678149' height='208.28' modelSize='1281' movable='false' cutOutShape='M0,0 v1 h1 v-1 z' wallCutOutOnBothSides='true'/>
  <doorOrWindow catalogId='eTeks#doorFrame' name='Door frame' creator='eTeks' model='2' x='1776.496' y='1299.4326' angle='4.712389' width='212.09' widthInPlan='212.09006' depth='48.38775' height='208.28' modelSize='1281' movable='false' cutOutShape='M0,0 v1 h1 v-1 z' wallCutOutOnBothSides='true'/>
  <pieceOfFurniture catalogId='OlaKristianHoff#column_balustrade' name='Balustrade column' creator='Ola-Kristian Hoff' model='4/column_balustrade.obj' x='1776.8301' y='1149.6609' angle='1.5707964' width='31.115' depth='31.75' height='244.7925' modelSize='27869' movable='false'/>
  <pieceOfFurniture catalogId='OlaKristianHoff#column_balustrade' name='Balustrade column' creator='Ola-Kristian Hoff' model='4/column_balustrade.obj' x='823.92456' y='1331.2769' width='29.845' depth='24.4475' height='244.7925' modelSize='27869' movable='false'/>
  <pieceOfFurniture catalogId='OlaKristianHoff#column_balustrade' name='Balustrade column' creator='Ola-Kristian Hoff' model='4/column_balustrade.obj' x='1130.1785' y='1344.5284' width='40.64' depth='43.18' height='244.7925' modelSize='27869' movable='false'/>
  <pieceOfFurniture catalogId='OlaKristianHoff#column_balustrade' name='Balustrade column' creator='Ola-Kristian Hoff' model='4/column_balustrade.obj' x='1443.4619' y='1341.8873' width='40.64' depth='40.64' height='244.7925' modelSize='27869' movable='false'/>
  <pieceOfFurniture catalogId='OlaKristianHoff#column_balustrade' name='Balustrade column' creator='Ola-Kristian Hoff' model='4/column_balustrade.obj' x='1443.4056' y='1641.6962' width='35.559998' depth='35.559998' height='244.7925' modelSize='27869' movable='false'/>
  <pieceOfFurniture catalogId='OlaKristianHoff#column_balustrade' name='Balustrade column' creator='Ola-Kristian Hoff' model='4/column_balustrade.obj' x='1137.9293' y='1948.5878' width='40.64' depth='38.1' height='244.7925' modelSize='27869' movable='false'/>
  <pieceOfFurniture catalogId='OlaKristianHoff#column_balustrade' name='Balustrade column' creator='Ola-Kristian Hoff' model='4/column_balustrade.obj' x='817.2315' y='1946.026' width='43.18' depth='35.559998' height='244.7925' modelSize='27869' movable='false'/>
  <pieceOfFurniture catalogId='OlaKristianHoff#column_balustrade' name='Balustrade column' creator='Ola-Kristian Hoff' model='4/column_balustrade.obj' x='816.53143' y='1649.2856' width='38.1' depth='38.1' height='244.7925' modelSize='27869' movable='false'/>
  <pieceOfFurniture name='Stone' model='6/Stone%204.3DS' x='1034.8334' y='1339.4758' width='101.6' widthInPlan='101.60007' depth='54.61' depthInPlan='54.61001' height='43.18' heightInPlan='43.180004' modelSize='3965029'/>
  <pieceOfFurniture name='Stone' model='6/Stone%204.3DS' x='1208.8506' y='1341.5491' width='92.71' widthInPlan='92.71005' depth='49.53' depthInPlan='49.530003' height='43.18' heightInPlan='43.180004' modelSize='3965029'/>
  <pieceOfFurniture name='Stone' model='6/Stone%204.3DS' x='1275.5256' y='1340.4216' width='40.64' widthInPlan='40.64003' depth='45.72' depthInPlan='45.72001' height='43.18' heightInPlan='43.180004' modelSize='3965029'/>
  <pieceOfFurniture name='Stone' model='6/Stone%204.3DS' x='1314.5591' y='1343.493' width='41.91' widthInPlan='41.910023' depth='49.53' depthInPlan='49.530018' height='43.18' heightInPlan='43.180004' modelSize='3965029'/>
  <pieceOfFurniture name='Stone' model='6/Stone%204.3DS' x='1360.1365' y='1341.531' width='40.64' widthInPlan='40.640022' depth='44.45' depthInPlan='44.450024' height='43.18' heightInPlan='43.180004' modelSize='3965029'/>
  <pieceOfFurniture name='Stone' model='6/Stone%204.3DS' x='886.8706' y='1547.9939' width='31.75' widthInPlan='31.750021' depth='24.13' depthInPlan='24.130007' height='43.18' heightInPlan='43.180004' modelSize='3965029'/>
  <pieceOfFurniture name='Stone' model='6/Stone%204.3DS' x='909.0431' y='1341.8325' width='101.6' widthInPlan='101.60007' depth='54.61' depthInPlan='54.61001' height='43.18' heightInPlan='43.180004' modelSize='3965029'/>
  <pieceOfFurniture name='Stone' model='6/Stone%204.3DS' x='973.17816' y='1343.0624' width='26.67' widthInPlan='26.670023' depth='63.5' depthInPlan='63.500004' height='43.18' heightInPlan='43.180004' modelSize='3965029'/>
  <pieceOfFurniture name='Stone' model='6/Stone%204.3DS' x='1098.9684' y='1340.776' width='26.67' widthInPlan='26.670023' depth='63.5' depthInPlan='63.500004' height='43.18' heightInPlan='43.180004' modelSize='3965029'/>
  <pieceOfFurniture name='Stone' model='6/Stone%204.3DS' x='800.8585' y='1557.7925' width='101.6' widthInPlan='101.60007' depth='54.61' depthInPlan='54.61001' height='43.18' heightInPlan='43.180004' modelSize='3965029'/>
  <pieceOfFurniture name='Stone' model='6/Stone%204.3DS' x='812.97034' y='1419.0338' width='68.58' widthInPlan='68.58005' depth='38.1' height='43.18' heightInPlan='43.180004' modelSize='3965029'/>
  <pieceOfFurniture name='Stone' model='6/Stone%204.3DS' x='1441.9766' y='1467.9288' angle='1.5707964' width='182.88' widthInPlan='182.88014' depth='58.42' depthInPlan='58.420006' height='43.18' heightInPlan='43.180004' modelSize='3965029'/>
  <pieceOfFurniture name='Stone' model='6/Stone%204.3DS' x='1441.9592' y='1712.4484' angle='1.5707964' width='83.82' widthInPlan='83.82008' depth='66.04' depthInPlan='66.04001' height='43.18' heightInPlan='43.180004' modelSize='3965029'/>
  <pieceOfFurniture name='Stone' model='6/Stone%204.3DS' x='1301.0576' y='1943.5494' angle='3.1415927' width='116.84' widthInPlan='116.8401' depth='71.119995' depthInPlan='71.12001' height='43.18' heightInPlan='43.180004' modelSize='3965029'/>
  <pieceOfFurniture name='Stone' model='6/Stone%204.3DS' x='1080.7793' y='1949.4255' angle='3.1415927' width='73.659996' widthInPlan='73.66006' depth='78.74' depthInPlan='78.74001' height='43.18' heightInPlan='43.180004' modelSize='3965029'/>
  <pieceOfFurniture name='Stone' model='6/Stone%204.3DS' x='1021.21655' y='1954.6917' angle='3.1415927' width='73.659996' widthInPlan='73.66006' depth='78.74' depthInPlan='78.74001' height='43.18' heightInPlan='43.180004' modelSize='3965029'/>
  <pieceOfFurniture name='Stone' model='6/Stone%204.3DS' x='888.4886' y='1606.3457' angle='3.1415927' width='73.659996' widthInPlan='73.66006' depth='78.74' depthInPlan='78.74001' height='43.18' heightInPlan='43.180004' modelSize='3965029'/>
  <pieceOfFurniture name='Stone' model='6/Stone%204.3DS' x='772.9373' y='1476.606' angle='3.926991' width='73.659996' widthInPlan='73.66006' depth='78.74' depthInPlan='78.74001' height='43.18' heightInPlan='43.180004' modelSize='3965029'/>
  <pieceOfFurniture name='Stone' model='6/Stone%204.3DS' x='1177.8676' y='1948.4088' angle='3.1415927' width='129.54' widthInPlan='129.54012' depth='66.04' depthInPlan='66.040016' height='43.18' heightInPlan='43.180004' modelSize='3965029'/>
  <pieceOfFurniture name='Stone' model='6/Stone%204.3DS' x='934.1317' y='1953.6749' angle='3.1415927' width='129.54' widthInPlan='129.54012' depth='66.04' depthInPlan='66.040016' height='43.18' heightInPlan='43.180004' modelSize='3965029'/>
  <pieceOfFurniture name='Stone' model='6/Stone%204.3DS' x='1386.8297' y='1945.0704' angle='3.1415927' width='76.2' widthInPlan='76.20007' depth='58.42' depthInPlan='58.420013' height='43.18' heightInPlan='43.180004' modelSize='3965029'/>
  <pieceOfFurniture name='Stone' model='6/Stone%204.3DS' x='941.1936' y='1612.1956' width='31.75' widthInPlan='31.750021' depth='24.13' depthInPlan='24.130007' height='43.18' heightInPlan='43.180004' modelSize='3965029'/>
  <pieceOfFurniture name='Stone' model='6/Stone%204.3DS' x='949.4065' y='1642.5093' width='31.75' widthInPlan='31.750021' depth='24.13' depthInPlan='24.130007' height='43.18' heightInPlan='43.180004' modelSize='3965029'/>
  <pieceOfFurniture name='Stone' model='6/Stone%204.3DS' x='922.2583' y='1678.7166' width='31.75' widthInPlan='31.750021' depth='24.13' depthInPlan='24.130007' height='43.18' heightInPlan='43.180004' modelSize='3965029'/>
  <pieceOfFurniture name='Stone' model='6/Stone%204.3DS' x='977.6196' y='1618.3793' width='31.75' widthInPlan='31.750021' depth='24.13' depthInPlan='24.130007' height='43.18' heightInPlan='43.180004' modelSize='3965029'/>
  <pieceOfFurniture name='Simple Steps' model='8/Stairs%20N160808.3DS' x='2049.0745' y='1990.1613' angle='0.7853982' width='193.04' widthInPlan='193.03995' depth='187.95999' depthInPlan='187.96' height='102.047455' heightInPlan='102.04745' modelSize='34711'/>
  <doorOrWindow catalogId='eTeks#doorFrame' name='Door frame' creator='eTeks' model='2' x='1776.3693' y='1981.2594' angle='1.5707964' width='121.92' depth='48.38775' height='208.28' modelSize='1281' movable='false' cutOutShape='M0,0 v1 h1 v-1 z' wallCutOutOnBothSides='true'/>
  <pieceOfFurniture name='Simple Steps' model='8/Stairs%20N160808.3DS' x='2160.8496' y='1990.6565' elevation='48.26' angle='0.7853982' width='193.04' depth='187.95999' height='101.917496' modelSize='34711'/>
  <pieceOfFurniture name='Simple Steps' model='8/Stairs%20N160808.3DS' x='2363.3035' y='1855.529' elevation='187.95999' angle='5.497787' width='198.12' widthInPlan='198.12004' depth='198.12' depthInPlan='198.12003' height='101.917496' modelSize='34711'/>
  <pieceOfFurniture name='Simple Steps' model='8/Stairs%20N160808.3DS' x='2253.9067' y='1987.7094' elevation='111.759995' angle='0.7853982' width='189.23' widthInPlan='189.23001' depth='191.77' depthInPlan='191.76999' height='102.869995' heightInPlan='102.87' modelSize='34711'/>
  <pieceOfFurniture catalogId='LucaPresidente#mensolaAzzurra' name='Blue shelf' creator='LucaPresidente' model='10/mensolaAzzurra.obj' x='2380.76' y='1987.0885' elevation='208.28' width='144.78' depth='148.59' height='5.08' color='FFA2956E' modelRotation='0 0 1 0 1 0 -1 0 0' modelSize='1323'/>
  <wall id='wall0' wallAtEnd='wall1' xStart='2461.433' yStart='2238.5308' xEnd='2461.433' yEnd='2324.8909' height='243.84' thickness='38.1' pattern='hatchUp'/>
  <wall id='wall1' wallAtStart='wall0' wallAtEnd='wall2' xStart='2461.433' yStart='2324.8909' xEnd='1110.1531' yEnd='2324.8909' height='243.84' thickness='38.1' pattern='hatchUp'/>
  <wall id='wall2' wallAtStart='wall1' wallAtEnd='wall3' xStart='1110.1531' yStart='2324.8909' xEnd='1068.8439' yEnd='2283.5818' height='243.84' thickness='7.62' pattern='hatchUp'/>
  <wall id='wall3' wallAtStart='wall2' wallAtEnd='wall4' xStart='1068.8439' yStart='2283.5818' xEnd='96.023865' yEnd='2283.5818' height='243.84' thickness='38.1' pattern='hatchUp'/>
  <wall id='wall4' wallAtStart='wall3' wallAtEnd='wall5' xStart='96.023865' yStart='2283.5818' xEnd='96.023865' yEnd='129.66187' height='243.84' thickness='38.1' pattern='hatchUp'/>
  <wall id='wall5' wallAtStart='wall4' wallAtEnd='wall6' xStart='96.023865' yStart='129.66187' xEnd='2461.433' yEnd='129.66187' height='243.84' thickness='38.1' pattern='hatchUp'/>
  <wall id='wall6' wallAtStart='wall5' xStart='2461.433' yStart='129.66187' xEnd='2461.433' yEnd='2240.4019' height='243.84' thickness='38.1' pattern='hatchUp'/>
  <wall id='wall7' xStart='866.7448' yStart='129.66187' xEnd='1326.4849' yEnd='129.66187' height='243.84' thickness='7.62' pattern='hatchUp'/>
  <wall id='wall8' xStart='2393.1711' yStart='129.66187' xEnd='1392.4111' yEnd='129.66196' height='243.84' thickness='7.62' pattern='hatchUp'/>
  <wall id='wall9' xStart='2461.433' yStart='1036.6467' xEnd='2461.433' yEnd='1547.1868' height='243.84' thickness='7.62' pattern='hatchUp'/>
  <wall id='wall10' xStart='96.023865' yStart='1036.6467' xEnd='2461.433' yEnd='1036.6467' height='243.84' thickness='38.1' pattern='hatchUp'/>
  <wall id='wall11' xStart='458.92188' yStart='129.66187' xEnd='458.92184' yEnd='1036.6467' height='243.84' thickness='38.1' pattern='hatchUp'/>
  <wall id='wall12' xStart='851.02783' yStart='129.66187' xEnd='851.0278' yEnd='1036.6467' height='243.84' thickness='38.1' pattern='hatchUp'/>
  <wall id='wall13' xStart='1361.6775' yStart='129.66187' xEnd='1361.6775' yEnd='1041.5219' height='243.84' thickness='38.1' pattern='hatchUp'/>
  <wall id='wall14' xStart='96.023865' yStart='681.33545' xEnd='851.02783' yEnd='681.33545' height='243.84' thickness='38.1' pattern='hatchUp'/>
  <wall id='wall15' xStart='1776.4326' yStart='1166.6509' xEnd='1776.4326' yEnd='2324.8909' height='243.84' thickness='38.1' pattern='hatchUp'/>
  <wall id='wall16' xStart='1776.4326' yStart='1586.8403' xEnd='2461.433' yEnd='1586.8403' height='243.84' thickness='38.1' pattern='hatchUp'/>
  <wall id='wall17' xStart='1776.4326' yStart='2078.2256' xEnd='2461.433' yEnd='2078.2256' height='243.84' thickness='38.1' pattern='hatchUp'/>
  <wall id='wall18' wallAtEnd='wall19' xStart='1776.4326' yStart='1896.104' xEnd='2251.4126' yEnd='1896.104' height='243.84' thickness='38.1' pattern='hatchUp'/>
  <wall id='wall19' wallAtStart='wall18' xStart='2251.4126' yStart='1896.104' xEnd='2251.4126' yEnd='1586.8403' height='243.84' thickness='38.1' pattern='hatchUp'/>
  <wall id='wall20' wallAtEnd='wall21' xStart='96.023865' yStart='1222.075' xEnd='489.72385' yEnd='1222.075' height='243.84' thickness='38.1' pattern='hatchUp'/>
  <wall id='wall21' wallAtStart='wall20' xStart='489.72385' yStart='1222.075' xEnd='489.72385' yEnd='2004.395' height='243.84' thickness='38.1' pattern='hatchUp'/>
  <wall id='wall22' xStart='489.72385' yStart='1896.104' xEnd='96.023865' yEnd='1896.104' height='243.84' thickness='38.1' pattern='hatchUp'/>
  <wall id='wall23' xStart='1776.4326' yStart='1055.2163' xEnd='1776.4326' yEnd='1132.0513' height='243.84' thickness='38.1' pattern='hatchUp'/>
  <wall id='wall24' xStart='2444.3035' yStart='2054.394' xEnd='2444.3035' yEnd='1923.584' height='243.84' thickness='7.62' pattern='hatchUp'/>
</home>